id_avaliacao;data_avaliacao;mes_referencia;id_cliente;nota_nps;canal;dispositivo;categoria_compra;valor_pedido;uf;primeiro_pedido;arquivo_origem
202604-00024;2026-04-01;2026-04;C34368;7;marketplace;Android;Mercado;120.74;SP;Nao;nps_ecommerce_2026-04.csv
202604-00045;2026-04-01;2026-04;C28137;6;app;iOS;Eletrônicos;103.82;BA;Sim;nps_ecommerce_2026-04.csv
202604-00059;2026-04-01;2026-04;C31714;7;app;Desktop;Esporte;251.62;DF;Sim;nps_ecommerce_2026-04.csv
202604-00091;2026-04-01;2026-04;C16609;9;site;Desktop;Esporte;276.28;CE;Nao;nps_ecommerce_2026-04.csv
202604-00128;2026-04-01;2026-04;C11151;8;app;Desktop;Casa E Decoração;111.58;MG;Nao;nps_ecommerce_2026-04.csv
202604-00132;2026-04-01;2026-04;C10003;8;app;Android;Moda;62.08;RS;Nao;nps_ecommerce_2026-04.csv
202604-00133;2026-04-01;2026-04;C32536;8;app;Desktop;Beleza;260.38;DF;Nao;nps_ecommerce_2026-04.csv
202604-00272;2026-04-01;2026-04;C30037;5;marketplace;Android;Moda;42.11;SP;Nao;nps_ecommerce_2026-04.csv
202604-00280;2026-04-01;2026-04;C28937;8;app;Android;Livros;60.88;SP;Nao;nps_ecommerce_2026-04.csv
202604-00322;2026-04-01;2026-04;C15644;10;app;Desktop;Mercado;157.39;MG;Sim;nps_ecommerce_2026-04.csv
202604-00363;2026-04-01;2026-04;C38566;10;app;Desktop;Esporte;174.02;RJ;Nao;nps_ecommerce_2026-04.csv
202604-00370;2026-04-01;2026-04;C23256;7;site;Android;Beleza;72.14;RJ;Nao;nps_ecommerce_2026-04.csv
202604-00396;2026-04-01;2026-04;C34394;10;app;iOS;Mercado;66.22;RS;Sim;nps_ecommerce_2026-04.csv
202604-00442;2026-04-01;2026-04;C18047;9;app;iOS;Beleza;144.14;PR;Nao;nps_ecommerce_2026-04.csv
202604-00504;2026-04-01;2026-04;C15627;5;app;Android;Beleza;151.98;RJ;Nao;nps_ecommerce_2026-04.csv
202604-00506;2026-04-01;2026-04;C16252;9;app;iOS;Moda;86.4;MG;Sim;nps_ecommerce_2026-04.csv
202604-00509;2026-04-01;2026-04;C38173;8;marketplace;iOS;Casa E Decoração;54.37;CE;Nao;nps_ecommerce_2026-04.csv
202604-00539;2026-04-01;2026-04;C10913;9;site;Android;Casa E Decoração;125.82;MG;Sim;nps_ecommerce_2026-04.csv
202604-00572;2026-04-01;2026-04;C11971;7;site;Android;Esporte;100.47;MG;Nao;nps_ecommerce_2026-04.csv
202604-00577;2026-04-01;2026-04;C39950;5;marketplace;Android;Eletrônicos;63.93;BA;Nao;nps_ecommerce_2026-04.csv
202604-00599;2026-04-01;2026-04;C24857;6;marketplace;Android;Esporte;143.68;SP;Sim;nps_ecommerce_2026-04.csv
202604-00682;2026-04-01;2026-04;C34966;8;site;Desktop;Mercado;326.14;CE;Nao;nps_ecommerce_2026-04.csv
202604-00685;2026-04-01;2026-04;C10420;8;app;Android;Casa E Decoração;86.86;PR;Nao;nps_ecommerce_2026-04.csv
202604-00696;2026-04-01;2026-04;C13174;5;marketplace;Android;Esporte;351.95;CE;Nao;nps_ecommerce_2026-04.csv
202604-00706;2026-04-01;2026-04;C29723;6;site;Android;Livros;182.62;MG;Sim;nps_ecommerce_2026-04.csv
202604-00708;2026-04-01;2026-04;C30767;6;app;iOS;Mercado;30.76;BA;Nao;nps_ecommerce_2026-04.csv
202604-00728;2026-04-01;2026-04;C27954;8;marketplace;Android;Beleza;27.94;MG;Nao;nps_ecommerce_2026-04.csv
202604-00003;2026-04-02;2026-04;C28256;9;app;Desktop;Mercado;45.17;PE;Nao;nps_ecommerce_2026-04.csv
202604-00019;2026-04-02;2026-04;C31962;10;app;iOS;Mercado;99.17;MG;Sim;nps_ecommerce_2026-04.csv
202604-00039;2026-04-02;2026-04;C12867;7;app;iOS;Casa E Decoração;98.32;BA;Sim;nps_ecommerce_2026-04.csv
202604-00063;2026-04-02;2026-04;C31250;8;marketplace;Android;Esporte;149.83;SP;Nao;nps_ecommerce_2026-04.csv
202604-00108;2026-04-02;2026-04;C26465;7;app;Desktop;Mercado;191.29;DF;Sim;nps_ecommerce_2026-04.csv
202604-00148;2026-04-02;2026-04;C29040;7;site;Android;Esporte;157.14;SP;Sim;nps_ecommerce_2026-04.csv
202604-00176;2026-04-02;2026-04;C33946;7;site;Android;Mercado;40.68;RS;Sim;nps_ecommerce_2026-04.csv
202604-00179;2026-04-02;2026-04;C20463;9;app;iOS;Esporte;71.79;DF;Sim;nps_ecommerce_2026-04.csv
202604-00191;2026-04-02;2026-04;C18370;8;app;iOS;Mercado;326.54;DF;Nao;nps_ecommerce_2026-04.csv
202604-00195;2026-04-02;2026-04;C18106;10;site;iOS;Beleza;744.49;SP;Nao;nps_ecommerce_2026-04.csv
202604-00226;2026-04-02;2026-04;C14763;10;app;Android;Mercado;111.69;BA;Nao;nps_ecommerce_2026-04.csv
202604-00227;2026-04-02;2026-04;C13568;4;app;iOS;Livros;219.9;RJ;Nao;nps_ecommerce_2026-04.csv
202604-00273;2026-04-02;2026-04;C10027;5;app;Desktop;Casa E Decoração;40.09;DF;Sim;nps_ecommerce_2026-04.csv
202604-00293;2026-04-02;2026-04;C31045;9;app;Desktop;Eletrônicos;59.18;BA;Sim;nps_ecommerce_2026-04.csv
202604-00317;2026-04-02;2026-04;C16327;7;site;Nao informado;Esporte;112.54;MG;Sim;nps_ecommerce_2026-04.csv
202604-00319;2026-04-02;2026-04;C21117;6;marketplace;Android;Eletrônicos;372.06;SP;Nao;nps_ecommerce_2026-04.csv
202604-00335;2026-04-02;2026-04;C31130;10;app;iOS;Casa E Decoração;478.59;SP;Nao;nps_ecommerce_2026-04.csv
202604-00336;2026-04-02;2026-04;C13421;5;site;Desktop;Moda;172.03;CE;Sim;nps_ecommerce_2026-04.csv
202604-00355;2026-04-02;2026-04;C21979;8;app;Android;Livros;268.71;SP;Sim;nps_ecommerce_2026-04.csv
202604-00368;2026-04-02;2026-04;C20375;9;app;Android;Casa E Decoração;257.01;RJ;Sim;nps_ecommerce_2026-04.csv
202604-00399;2026-04-02;2026-04;C12170;7;app;iOS;Eletrônicos;224.1;RS;Sim;nps_ecommerce_2026-04.csv
202604-00450;2026-04-02;2026-04;C26068;10;app;Android;Eletrônicos;179.54;SP;Nao;nps_ecommerce_2026-04.csv
202604-00466;2026-04-02;2026-04;C23141;5;app;Android;Moda;167.93;MG;Sim;nps_ecommerce_2026-04.csv
202604-00476;2026-04-02;2026-04;C29021;4;marketplace;iOS;Beleza;185.52;DF;Nao;nps_ecommerce_2026-04.csv
202604-00481;2026-04-02;2026-04;C17532;8;app;Android;Moda;77.22;MG;Nao;nps_ecommerce_2026-04.csv
202604-00482;2026-04-02;2026-04;C24467;10;app;Android;Beleza;107.03;CE;Nao;nps_ecommerce_2026-04.csv
202604-00520;2026-04-02;2026-04;C10594;10;app;iOS;Livros;42.43;DF;Sim;nps_ecommerce_2026-04.csv
202604-00521;2026-04-02;2026-04;C36437;10;app;Android;Esporte;60.42;DF;Sim;nps_ecommerce_2026-04.csv
202604-00552;2026-04-02;2026-04;C39302;5;site;iOS;Moda;264.78;PE;Nao;nps_ecommerce_2026-04.csv
202604-00566;2026-04-02;2026-04;C16637;5;app;Android;Moda;63.39;RJ;Nao;nps_ecommerce_2026-04.csv
202604-00590;2026-04-02;2026-04;C19107;6;marketplace;Android;Casa E Decoração;39.46;PR;Sim;nps_ecommerce_2026-04.csv
202604-00596;2026-04-02;2026-04;C22366;7;app;Desktop;Eletrônicos;67.88;SP;Sim;nps_ecommerce_2026-04.csv
202604-00597;2026-04-02;2026-04;C19878;8;app;Android;Eletrônicos;73.62;CE;Sim;nps_ecommerce_2026-04.csv
202604-00677;2026-04-02;2026-04;C30786;8;app;Desktop;Moda;120.96;PR;Sim;nps_ecommerce_2026-04.csv
202604-00744;2026-04-02;2026-04;C14221;8;site;Android;Eletrônicos;54.29;RJ;Nao;nps_ecommerce_2026-04.csv
202604-00067;2026-04-03;2026-04;C26860;10;app;iOS;Moda;133.7;PR;Sim;nps_ecommerce_2026-04.csv
202604-00072;2026-04-03;2026-04;C17097;9;marketplace;Desktop;Mercado;200.99;RS;Nao;nps_ecommerce_2026-04.csv
202604-00122;2026-04-03;2026-04;C15308;6;site;iOS;Livros;121.22;RJ;Nao;nps_ecommerce_2026-04.csv
202604-00142;2026-04-03;2026-04;C27799;10;app;iOS;Mercado;88.24;PE;Nao;nps_ecommerce_2026-04.csv
202604-00174;2026-04-03;2026-04;C28693;9;app;Desktop;Livros;378.9;RS;Sim;nps_ecommerce_2026-04.csv
202604-00182;2026-04-03;2026-04;C23058;9;site;Android;Moda;76.12;RS;Sim;nps_ecommerce_2026-04.csv
202604-00192;2026-04-03;2026-04;C22735;8;app;Android;Livros;166.78;SP;Nao;nps_ecommerce_2026-04.csv
202604-00218;2026-04-03;2026-04;C13740;8;site;Android;Eletrônicos;472.13;RJ;Nao;nps_ecommerce_2026-04.csv
202604-00230;2026-04-03;2026-04;C19595;9;site;iOS;Mercado;89.58;DF;Nao;nps_ecommerce_2026-04.csv
202604-00269;2026-04-03;2026-04;C17130;8;app;Desktop;Mercado;69.6;SP;Sim;nps_ecommerce_2026-04.csv
202604-00278;2026-04-03;2026-04;C14496;6;marketplace;Android;Beleza;65.12;MG;Nao;nps_ecommerce_2026-04.csv
202604-00303;2026-04-03;2026-04;C38063;10;site;Android;Mercado;37.95;RJ;Sim;nps_ecommerce_2026-04.csv
202604-00326;2026-04-03;2026-04;C13956;10;site;Android;Moda;579.35;BA;Nao;nps_ecommerce_2026-04.csv
202604-00360;2026-04-03;2026-04;C12627;7;app;iOS;Eletrônicos;161.57;CE;Sim;nps_ecommerce_2026-04.csv
202604-00378;2026-04-03;2026-04;C17067;8;marketplace;Android;Beleza;106.09;DF;Nao;nps_ecommerce_2026-04.csv
202604-00459;2026-04-03;2026-04;C21529;4;site;Android;Esporte;138.29;DF;Nao;nps_ecommerce_2026-04.csv
202604-00477;2026-04-03;2026-04;C20397;9;marketplace;Android;Casa E Decoração;88.55;MG;Sim;nps_ecommerce_2026-04.csv
202604-00495;2026-04-03;2026-04;C11325;8;app;Desktop;Livros;231.63;PE;Sim;nps_ecommerce_2026-04.csv
202604-00532;2026-04-03;2026-04;C12778;9;site;Android;Mercado;392.35;DF;Sim;nps_ecommerce_2026-04.csv
202604-00579;2026-04-03;2026-04;C35798;9;site;Android;Esporte;154.22;DF;Sim;nps_ecommerce_2026-04.csv
202604-00591;2026-04-03;2026-04;C38839;10;app;iOS;Livros;319.58;BA;Sim;nps_ecommerce_2026-04.csv
202604-00592;2026-04-03;2026-04;C18191;4;marketplace;iOS;Eletrônicos;196.92;PE;Sim;nps_ecommerce_2026-04.csv
202604-00620;2026-04-03;2026-04;C15486;9;site;Android;Livros;154.17;SP;Nao;nps_ecommerce_2026-04.csv
202604-00700;2026-04-03;2026-04;C19605;7;marketplace;iOS;Eletrônicos;178.98;MG;Nao;nps_ecommerce_2026-04.csv
202604-00717;2026-04-03;2026-04;C31102;7;marketplace;Desktop;Livros;110.59;SP;Nao;nps_ecommerce_2026-04.csv
202604-00729;2026-04-03;2026-04;C27296;9;site;iOS;Moda;225.8;PE;Nao;nps_ecommerce_2026-04.csv
202604-00745;2026-04-03;2026-04;C14086;8;marketplace;Android;Esporte;105.31;SP;Sim;nps_ecommerce_2026-04.csv
202604-00764;2026-04-03;2026-04;C15410;7;app;iOS;Casa E Decoração;49.04;PR;Nao;nps_ecommerce_2026-04.csv
202604-00006;2026-04-04;2026-04;C34881;10;site;iOS;Casa E Decoração;186.12;RJ;Nao;nps_ecommerce_2026-04.csv
202604-00021;2026-04-04;2026-04;C30188;7;app;Android;Mercado;243.33;CE;Sim;nps_ecommerce_2026-04.csv
202604-00097;2026-04-04;2026-04;C36310;8;site;iOS;Esporte;750.83;BA;Nao;nps_ecommerce_2026-04.csv
202604-00143;2026-04-04;2026-04;C35170;6;site;Android;Beleza;168.7;SP;Sim;nps_ecommerce_2026-04.csv
202604-00204;2026-04-04;2026-04;C14310;6;app;Android;Esporte;85.34;PR;Nao;nps_ecommerce_2026-04.csv
202604-00215;2026-04-04;2026-04;C15890;9;app;Desktop;Livros;101.37;DF;Sim;nps_ecommerce_2026-04.csv
202604-00246;2026-04-04;2026-04;C22262;2;site;Android;Eletrônicos;195.3;MG;Nao;nps_ecommerce_2026-04.csv
202604-00308;2026-04-04;2026-04;C14714;10;app;Android;Esporte;322.78;CE;Sim;nps_ecommerce_2026-04.csv
202604-00309;2026-04-04;2026-04;C11142;6;marketplace;Android;Casa E Decoração;104.96;RS;Nao;nps_ecommerce_2026-04.csv
202604-00313;2026-04-04;2026-04;C28587;8;app;Desktop;Casa E Decoração;147.84;CE;Nao;nps_ecommerce_2026-04.csv
202604-00316;2026-04-04;2026-04;C30664;9;app;Android;Livros;122.06;PE;Nao;nps_ecommerce_2026-04.csv
202604-00391;2026-04-04;2026-04;C27511;7;app;Desktop;Eletrônicos;91.24;BA;Sim;nps_ecommerce_2026-04.csv
202604-00394;2026-04-04;2026-04;C36831;8;app;iOS;Casa E Decoração;120.72;RJ;Nao;nps_ecommerce_2026-04.csv
202604-00402;2026-04-04;2026-04;C36856;8;site;iOS;Moda;113.04;RJ;Sim;nps_ecommerce_2026-04.csv
202604-00406;2026-04-04;2026-04;C25266;10;app;iOS;Mercado;288.67;BA;Nao;nps_ecommerce_2026-04.csv
202604-00430;2026-04-04;2026-04;C32638;2;site;iOS;Esporte;106.3;CE;Nao;nps_ecommerce_2026-04.csv
202604-00483;2026-04-04;2026-04;C21455;7;app;Desktop;Moda;306.41;MG;Sim;nps_ecommerce_2026-04.csv
202604-00499;2026-04-04;2026-04;C25225;9;site;Android;Casa E Decoração;90.51;PE;Nao;nps_ecommerce_2026-04.csv
202604-00510;2026-04-04;2026-04;C30657;10;app;Android;Beleza;167.97;SP;Nao;nps_ecommerce_2026-04.csv
202604-00544;2026-04-04;2026-04;C20742;7;site;iOS;Mercado;66.42;PR;Nao;nps_ecommerce_2026-04.csv
202604-00550;2026-04-04;2026-04;C13960;4;site;iOS;Esporte;161.75;PE;Sim;nps_ecommerce_2026-04.csv
202604-00581;2026-04-04;2026-04;C25161;10;app;iOS;Eletrônicos;275.53;SP;Sim;nps_ecommerce_2026-04.csv
202604-00584;2026-04-04;2026-04;C38505;10;app;Android;Moda;116.33;PE;Sim;nps_ecommerce_2026-04.csv
202604-00608;2026-04-04;2026-04;C24886;9;app;Desktop;Beleza;201.36;MG;Sim;nps_ecommerce_2026-04.csv
202604-00616;2026-04-04;2026-04;C14732;7;marketplace;iOS;Moda;74.98;RJ;Sim;nps_ecommerce_2026-04.csv
202604-00628;2026-04-04;2026-04;C13885;7;site;iOS;Moda;152.86;PR;Nao;nps_ecommerce_2026-04.csv
202604-00652;2026-04-04;2026-04;C22082;5;marketplace;iOS;Mercado;145.3;DF;Nao;nps_ecommerce_2026-04.csv
202604-00687;2026-04-04;2026-04;C22609;9;app;iOS;Mercado;151.1;SP;Nao;nps_ecommerce_2026-04.csv
202604-00713;2026-04-04;2026-04;C25799;9;app;iOS;Moda;151.61;CE;Sim;nps_ecommerce_2026-04.csv
202604-00714;2026-04-04;2026-04;C24250;9;site;iOS;Casa E Decoração;41.48;RJ;Nao;nps_ecommerce_2026-04.csv
202604-00740;2026-04-04;2026-04;C20657;10;app;Desktop;Mercado;220.92;MG;Sim;nps_ecommerce_2026-04.csv
202604-00757;2026-04-04;2026-04;C27332;7;site;Android;Casa E Decoração;41.1;CE;Nao;nps_ecommerce_2026-04.csv
202604-00777;2026-04-04;2026-04;C24371;10;site;Android;Moda;97.04;RS;Nao;nps_ecommerce_2026-04.csv
202604-00780;2026-04-04;2026-04;C23798;8;marketplace;Android;Livros;31.52;RS;Sim;nps_ecommerce_2026-04.csv
202604-00020;2026-04-05;2026-04;C37504;7;marketplace;Android;Moda;152.2;RS;Sim;nps_ecommerce_2026-04.csv
202604-00047;2026-04-05;2026-04;C15274;9;app;Android;Casa E Decoração;206.73;DF;Sim;nps_ecommerce_2026-04.csv
202604-00050;2026-04-05;2026-04;C31997;4;marketplace;iOS;Esporte;138.15;BA;Sim;nps_ecommerce_2026-04.csv
202604-00114;2026-04-05;2026-04;C36215;4;marketplace;iOS;Mercado;35.43;PR;Sim;nps_ecommerce_2026-04.csv
202604-00115;2026-04-05;2026-04;C39270;5;app;Android;Livros;294.07;CE;Nao;nps_ecommerce_2026-04.csv
202604-00171;2026-04-05;2026-04;C39174;7;site;iOS;Moda;318.12;DF;Sim;nps_ecommerce_2026-04.csv
202604-00181;2026-04-05;2026-04;C14331;9;app;Android;Livros;44.4;PE;Sim;nps_ecommerce_2026-04.csv
202604-00199;2026-04-05;2026-04;C23974;9;app;Desktop;Casa E Decoração;305.61;SP;Nao;nps_ecommerce_2026-04.csv
202604-00201;2026-04-05;2026-04;C24092;10;app;Desktop;Moda;111.87;DF;Sim;nps_ecommerce_2026-04.csv
202604-00206;2026-04-05;2026-04;C26460;7;site;Android;Livros;93.99;CE;Nao;nps_ecommerce_2026-04.csv
202604-00222;2026-04-05;2026-04;C16647;9;site;Nao informado;Mercado;264.22;RJ;Nao;nps_ecommerce_2026-04.csv
202604-00288;2026-04-05;2026-04;C26567;7;app;Android;Casa E Decoração;156.5;RJ;Sim;nps_ecommerce_2026-04.csv
202604-00310;2026-04-05;2026-04;C31393;5;app;Desktop;Livros;69.12;CE;Nao;nps_ecommerce_2026-04.csv
202604-00356;2026-04-05;2026-04;C20974;9;site;iOS;Beleza;15.51;PR;Sim;nps_ecommerce_2026-04.csv
202604-00362;2026-04-05;2026-04;C25528;7;app;Android;Livros;222.22;DF;Sim;nps_ecommerce_2026-04.csv
202604-00365;2026-04-05;2026-04;C39434;7;app;iOS;Casa E Decoração;164.41;SP;Sim;nps_ecommerce_2026-04.csv
202604-00397;2026-04-05;2026-04;C16876;6;site;iOS;Livros;98.24;RS;Sim;nps_ecommerce_2026-04.csv
202604-00449;2026-04-05;2026-04;C13500;6;marketplace;Desktop;Beleza;97.28;PR;Nao;nps_ecommerce_2026-04.csv
202604-00472;2026-04-05;2026-04;C38555;10;app;Android;Livros;49.14;CE;Sim;nps_ecommerce_2026-04.csv
202604-00508;2026-04-05;2026-04;C25531;6;app;iOS;Moda;56.82;CE;Nao;nps_ecommerce_2026-04.csv
202604-00630;2026-04-05;2026-04;C38016;8;app;Android;Casa E Decoração;66.95;SP;Sim;nps_ecommerce_2026-04.csv
202604-00638;2026-04-05;2026-04;C15036;7;site;Desktop;Esporte;98.83;SP;Nao;nps_ecommerce_2026-04.csv
202604-00673;2026-04-05;2026-04;C19113;6;site;Android;Eletrônicos;106.79;BA;Nao;nps_ecommerce_2026-04.csv
202604-00726;2026-04-05;2026-04;C37128;7;app;Desktop;Mercado;355.19;BA;Sim;nps_ecommerce_2026-04.csv
202604-00747;2026-04-05;2026-04;C28909;7;site;iOS;Casa E Decoração;109.33;CE;Sim;nps_ecommerce_2026-04.csv
202604-00071;2026-04-06;2026-04;C26929;6;app;Android;Esporte;176.91;RS;Sim;nps_ecommerce_2026-04.csv
202604-00093;2026-04-06;2026-04;C12845;9;app;Android;Casa E Decoração;77.02;SP;Nao;nps_ecommerce_2026-04.csv
202604-00159;2026-04-06;2026-04;C38622;5;app;iOS;Moda;274.6;MG;Sim;nps_ecommerce_2026-04.csv
202604-00175;2026-04-06;2026-04;C25999;8;site;Android;Esporte;101.83;CE;Sim;nps_ecommerce_2026-04.csv
202604-00266;2026-04-06;2026-04;C31712;4;site;Android;Livros;131.7;PR;Nao;nps_ecommerce_2026-04.csv
202604-00307;2026-04-06;2026-04;C24436;6;marketplace;Desktop;Moda;209.72;RS;Nao;nps_ecommerce_2026-04.csv
202604-00343;2026-04-06;2026-04;C28943;9;site;Desktop;Eletrônicos;93.81;SP;Nao;nps_ecommerce_2026-04.csv
202604-00351;2026-04-06;2026-04;C35882;7;site;Android;Livros;148.4;PE;Sim;nps_ecommerce_2026-04.csv
202604-00405;2026-04-06;2026-04;C37352;10;site;Android;Moda;232.37;RJ;Sim;nps_ecommerce_2026-04.csv
202604-00491;2026-04-06;2026-04;C22730;9;app;iOS;Mercado;182.93;PR;Sim;nps_ecommerce_2026-04.csv
202604-00519;2026-04-06;2026-04;C29849;9;app;Android;Beleza;324.12;PR;Nao;nps_ecommerce_2026-04.csv
202604-00621;2026-04-06;2026-04;C20545;10;app;Android;Beleza;239.3;CE;Nao;nps_ecommerce_2026-04.csv
202604-00658;2026-04-06;2026-04;C17099;10;app;Desktop;Esporte;55.79;BA;Sim;nps_ecommerce_2026-04.csv
202604-00679;2026-04-06;2026-04;C33647;6;site;Android;Esporte;128.69;RS;Sim;nps_ecommerce_2026-04.csv
202604-00697;2026-04-06;2026-04;C15780;9;site;Android;Moda;249.99;PE;Nao;nps_ecommerce_2026-04.csv
202604-00734;2026-04-06;2026-04;C11719;10;app;Android;Casa E Decoração;310.76;CE;Nao;nps_ecommerce_2026-04.csv
202604-00743;2026-04-06;2026-04;C38246;2;marketplace;iOS;Esporte;98.73;RJ;Nao;nps_ecommerce_2026-04.csv
202604-00758;2026-04-06;2026-04;C20420;7;site;Android;Casa E Decoração;99.54;SP;Nao;nps_ecommerce_2026-04.csv
202604-00004;2026-04-07;2026-04;C31449;7;marketplace;Desktop;Casa E Decoração;64.54;DF;Sim;nps_ecommerce_2026-04.csv
202604-00008;2026-04-07;2026-04;C16145;10;app;Desktop;Moda;134.18;SP;Nao;nps_ecommerce_2026-04.csv
202604-00032;2026-04-07;2026-04;C34663;8;app;Android;Esporte;170.81;RS;Sim;nps_ecommerce_2026-04.csv
202604-00069;2026-04-07;2026-04;C29359;5;site;Desktop;Eletrônicos;61.55;CE;Sim;nps_ecommerce_2026-04.csv
202604-00119;2026-04-07;2026-04;C28902;10;marketplace;Android;Moda;283.12;SP;Nao;nps_ecommerce_2026-04.csv
202604-00125;2026-04-07;2026-04;C15469;8;site;iOS;Beleza;341.82;RJ;Sim;nps_ecommerce_2026-04.csv
202604-00144;2026-04-07;2026-04;C25100;6;site;iOS;Livros;150.09;SP;Sim;nps_ecommerce_2026-04.csv
202604-00146;2026-04-07;2026-04;C21810;8;app;Desktop;Moda;105.36;RS;Sim;nps_ecommerce_2026-04.csv
202604-00153;2026-04-07;2026-04;C28569;9;site;iOS;Livros;99.79;CE;Nao;nps_ecommerce_2026-04.csv
202604-00187;2026-04-07;2026-04;C32457;7;app;Android;Mercado;249.88;PR;Sim;nps_ecommerce_2026-04.csv
202604-00332;2026-04-07;2026-04;C13850;6;app;Desktop;Esporte;143.66;PR;Nao;nps_ecommerce_2026-04.csv
202604-00341;2026-04-07;2026-04;C21006;8;site;Android;Eletrônicos;92.37;RS;Nao;nps_ecommerce_2026-04.csv
202604-00432;2026-04-07;2026-04;C19416;8;site;iOS;Esporte;101.09;DF;Nao;nps_ecommerce_2026-04.csv
202604-00443;2026-04-07;2026-04;C15221;8;app;iOS;Mercado;344.78;SP;Nao;nps_ecommerce_2026-04.csv
202604-00546;2026-04-07;2026-04;C24619;9;marketplace;Android;Beleza;187.15;CE;Nao;nps_ecommerce_2026-04.csv
202604-00559;2026-04-07;2026-04;C34594;6;marketplace;Desktop;Eletrônicos;48.03;DF;Sim;nps_ecommerce_2026-04.csv
202604-00570;2026-04-07;2026-04;C35653;8;site;Android;Moda;127.55;DF;Sim;nps_ecommerce_2026-04.csv
202604-00606;2026-04-07;2026-04;C30989;10;app;Android;Casa E Decoração;635.69;PR;Sim;nps_ecommerce_2026-04.csv
202604-00610;2026-04-07;2026-04;C23117;5;site;Desktop;Casa E Decoração;197.36;PE;Sim;nps_ecommerce_2026-04.csv
202604-00612;2026-04-07;2026-04;C16482;10;app;iOS;Casa E Decoração;71.05;SP;Sim;nps_ecommerce_2026-04.csv
202604-00089;2026-04-08;2026-04;C22151;8;app;iOS;Beleza;374.33;RS;Nao;nps_ecommerce_2026-04.csv
202604-00101;2026-04-08;2026-04;C19413;7;site;Android;Mercado;51.57;RS;Nao;nps_ecommerce_2026-04.csv
202604-00140;2026-04-08;2026-04;C12955;5;site;Android;Casa E Decoração;16.27;SP;Nao;nps_ecommerce_2026-04.csv
202604-00149;2026-04-08;2026-04;C15167;10;app;Android;Casa E Decoração;69.25;RJ;Sim;nps_ecommerce_2026-04.csv
202604-00188;2026-04-08;2026-04;C30349;8;app;Desktop;Mercado;91.6;SP;Nao;nps_ecommerce_2026-04.csv
202604-00205;2026-04-08;2026-04;C29541;9;site;Android;Casa E Decoração;178.17;SP;Sim;nps_ecommerce_2026-04.csv
202604-00264;2026-04-08;2026-04;C30344;8;app;iOS;Beleza;71.77;PE;Nao;nps_ecommerce_2026-04.csv
202604-00274;2026-04-08;2026-04;C24146;7;marketplace;Android;Casa E Decoração;173.49;SP;Nao;nps_ecommerce_2026-04.csv
202604-00301;2026-04-08;2026-04;C33765;7;site;iOS;Eletrônicos;214.34;BA;Sim;nps_ecommerce_2026-04.csv
202604-00324;2026-04-08;2026-04;C12067;4;site;Android;Mercado;55.22;SP;Nao;nps_ecommerce_2026-04.csv
202604-00327;2026-04-08;2026-04;C29070;9;site;iOS;Mercado;172.53;CE;Nao;nps_ecommerce_2026-04.csv
202604-00338;2026-04-08;2026-04;C35525;10;app;iOS;Moda;42.43;BA;Nao;nps_ecommerce_2026-04.csv
202604-00339;2026-04-08;2026-04;C12409;7;marketplace;Android;Beleza;168.58;PE;Sim;nps_ecommerce_2026-04.csv
202604-00345;2026-04-08;2026-04;C20724;10;site;iOS;Esporte;117.22;PR;Sim;nps_ecommerce_2026-04.csv
202604-00383;2026-04-08;2026-04;C10879;2;app;iOS;Casa E Decoração;138.2;CE;Nao;nps_ecommerce_2026-04.csv
202604-00393;2026-04-08;2026-04;C37249;7;app;Desktop;Esporte;266.33;DF;Sim;nps_ecommerce_2026-04.csv
202604-00471;2026-04-08;2026-04;C30240;10;app;iOS;Esporte;106.31;RS;Nao;nps_ecommerce_2026-04.csv
202604-00485;2026-04-08;2026-04;C35174;5;app;iOS;Casa E Decoração;245.98;RJ;Sim;nps_ecommerce_2026-04.csv
202604-00528;2026-04-08;2026-04;C37355;9;site;iOS;Esporte;163.22;SP;Sim;nps_ecommerce_2026-04.csv
202604-00583;2026-04-08;2026-04;C26181;5;site;iOS;Beleza;174.16;PR;Sim;nps_ecommerce_2026-04.csv
202604-00594;2026-04-08;2026-04;C21167;9;app;Desktop;Esporte;103.12;CE;Sim;nps_ecommerce_2026-04.csv
202604-00613;2026-04-08;2026-04;C15850;7;app;iOS;Casa E Decoração;221.79;DF;Sim;nps_ecommerce_2026-04.csv
202604-00650;2026-04-08;2026-04;C39017;9;app;iOS;Livros;232.06;SP;Nao;nps_ecommerce_2026-04.csv
202604-00661;2026-04-08;2026-04;C16553;8;marketplace;Android;Eletrônicos;159.56;BA;Nao;nps_ecommerce_2026-04.csv
202604-00662;2026-04-08;2026-04;C38910;7;site;Desktop;Livros;286.14;RJ;Sim;nps_ecommerce_2026-04.csv
202604-00735;2026-04-08;2026-04;C11113;5;marketplace;Android;Casa E Decoração;86.51;PE;Sim;nps_ecommerce_2026-04.csv
202604-00746;2026-04-08;2026-04;C19850;10;app;Desktop;Mercado;365.44;SP;Nao;nps_ecommerce_2026-04.csv
202604-00748;2026-04-08;2026-04;C11203;7;site;iOS;Mercado;88.57;SP;Sim;nps_ecommerce_2026-04.csv
202604-00776;2026-04-08;2026-04;C25423;8;app;iOS;Beleza;77.88;RS;Sim;nps_ecommerce_2026-04.csv
202604-00027;2026-04-09;2026-04;C28238;10;app;iOS;Mercado;179.55;PE;Nao;nps_ecommerce_2026-04.csv
202604-00040;2026-04-09;2026-04;C23357;7;site;Android;Beleza;136.91;PR;Nao;nps_ecommerce_2026-04.csv
202604-00053;2026-04-09;2026-04;C37528;10;site;Android;Casa E Decoração;108.75;PE;Nao;nps_ecommerce_2026-04.csv
202604-00057;2026-04-09;2026-04;C27808;4;marketplace;Android;Livros;39.27;DF;Sim;nps_ecommerce_2026-04.csv
202604-00083;2026-04-09;2026-04;C38015;6;site;Android;Esporte;30.68;RS;Nao;nps_ecommerce_2026-04.csv
202604-00107;2026-04-09;2026-04;C23037;8;app;Android;Eletrônicos;122.77;DF;Nao;nps_ecommerce_2026-04.csv
202604-00116;2026-04-09;2026-04;C28420;6;site;iOS;Eletrônicos;728.32;RS;Sim;nps_ecommerce_2026-04.csv
202604-00129;2026-04-09;2026-04;C27974;10;app;Desktop;Livros;188.97;DF;Sim;nps_ecommerce_2026-04.csv
202604-00136;2026-04-09;2026-04;C12595;8;site;iOS;Mercado;35.24;PR;Nao;nps_ecommerce_2026-04.csv
202604-00152;2026-04-09;2026-04;C39447;4;app;Android;Esporte;225.62;MG;Nao;nps_ecommerce_2026-04.csv
202604-00208;2026-04-09;2026-04;C23534;10;site;Android;Moda;96.97;SP;Sim;nps_ecommerce_2026-04.csv
202604-00217;2026-04-09;2026-04;C20619;9;marketplace;Desktop;Mercado;47.36;RJ;Sim;nps_ecommerce_2026-04.csv
202604-00260;2026-04-09;2026-04;C39912;8;app;iOS;Livros;74.84;SP;Nao;nps_ecommerce_2026-04.csv
202604-00298;2026-04-09;2026-04;C31441;10;app;Android;Livros;75.99;RJ;Sim;nps_ecommerce_2026-04.csv
202604-00304;2026-04-09;2026-04;C19652;9;marketplace;Desktop;Livros;267.39;MG;Nao;nps_ecommerce_2026-04.csv
202604-00306;2026-04-09;2026-04;C35464;6;app;Android;Eletrônicos;104.54;RJ;Nao;nps_ecommerce_2026-04.csv
202604-00388;2026-04-09;2026-04;C21834;10;app;Desktop;Casa E Decoração;838.62;SP;Sim;nps_ecommerce_2026-04.csv
202604-00413;2026-04-09;2026-04;C35061;6;site;Android;Casa E Decoração;51.7;CE;Nao;nps_ecommerce_2026-04.csv
202604-00423;2026-04-09;2026-04;C26210;5;site;Android;Livros;383.7;PE;Nao;nps_ecommerce_2026-04.csv
202604-00455;2026-04-09;2026-04;C19859;8;app;Desktop;Moda;168.42;PE;Nao;nps_ecommerce_2026-04.csv
202604-00463;2026-04-09;2026-04;C15684;4;app;Desktop;Mercado;355.46;MG;Nao;nps_ecommerce_2026-04.csv
202604-00523;2026-04-09;2026-04;C39370;10;site;Android;Esporte;1071.64;DF;Sim;nps_ecommerce_2026-04.csv
202604-00576;2026-04-09;2026-04;C18058;9;site;iOS;Moda;356.58;CE;Nao;nps_ecommerce_2026-04.csv
202604-00586;2026-04-09;2026-04;C28674;9;site;Desktop;Livros;59.52;MG;Nao;nps_ecommerce_2026-04.csv
202604-00589;2026-04-09;2026-04;C13988;7;site;Android;Casa E Decoração;216.64;PE;Sim;nps_ecommerce_2026-04.csv
202604-00624;2026-04-09;2026-04;C28040;10;site;Android;Casa E Decoração;290.4;BA;Nao;nps_ecommerce_2026-04.csv
202604-00629;2026-04-09;2026-04;C19919;9;app;Android;Mercado;25.7;BA;Nao;nps_ecommerce_2026-04.csv
202604-00653;2026-04-09;2026-04;C16795;7;app;Android;Eletrônicos;91.32;MG;Nao;nps_ecommerce_2026-04.csv
202604-00699;2026-04-09;2026-04;C39565;5;site;Android;Esporte;226.6;PR;Sim;nps_ecommerce_2026-04.csv
202604-00737;2026-04-09;2026-04;C30720;8;marketplace;Android;Eletrônicos;65.64;PE;Sim;nps_ecommerce_2026-04.csv
202604-00750;2026-04-09;2026-04;C22510;6;app;iOS;Beleza;187.9;RS;Sim;nps_ecommerce_2026-04.csv
202604-00759;2026-04-09;2026-04;C10311;8;app;Android;Livros;102.61;MG;Sim;nps_ecommerce_2026-04.csv
202604-00018;2026-04-10;2026-04;C38753;8;site;Desktop;Esporte;113.38;DF;Sim;nps_ecommerce_2026-04.csv
202604-00049;2026-04-10;2026-04;C32009;7;site;iOS;Livros;159.85;RJ;Nao;nps_ecommerce_2026-04.csv
202604-00090;2026-04-10;2026-04;C33317;9;site;iOS;Mercado;203.25;DF;Sim;nps_ecommerce_2026-04.csv
202604-00127;2026-04-10;2026-04;C17515;7;app;iOS;Livros;32.9;PE;Sim;nps_ecommerce_2026-04.csv
202604-00189;2026-04-10;2026-04;C24747;6;app;iOS;Livros;163.45;RJ;Sim;nps_ecommerce_2026-04.csv
202604-00193;2026-04-10;2026-04;C38423;5;marketplace;Android;Beleza;163.99;SP;Sim;nps_ecommerce_2026-04.csv
202604-00213;2026-04-10;2026-04;C35351;6;app;Android;Beleza;279.05;PE;Nao;nps_ecommerce_2026-04.csv
202604-00237;2026-04-10;2026-04;C19839;8;app;iOS;Eletrônicos;98.28;RJ;Sim;nps_ecommerce_2026-04.csv
202604-00262;2026-04-10;2026-04;C35163;5;app;Android;Esporte;206.86;MG;Sim;nps_ecommerce_2026-04.csv
202604-00271;2026-04-10;2026-04;C28686;10;app;Android;Beleza;116.46;BA;Nao;nps_ecommerce_2026-04.csv
202604-00294;2026-04-10;2026-04;C25606;10;app;Android;Esporte;66.27;CE;Sim;nps_ecommerce_2026-04.csv
202604-00329;2026-04-10;2026-04;C23638;6;site;Android;Beleza;78.68;SP;Sim;nps_ecommerce_2026-04.csv
202604-00359;2026-04-10;2026-04;C24810;10;site;Android;Livros;235.87;DF;Sim;nps_ecommerce_2026-04.csv
202604-00373;2026-04-10;2026-04;C10812;4;site;Desktop;Beleza;141.08;RJ;Nao;nps_ecommerce_2026-04.csv
202604-00382;2026-04-10;2026-04;C28149;10;app;Desktop;Casa E Decoração;48.61;PE;Nao;nps_ecommerce_2026-04.csv
202604-00418;2026-04-10;2026-04;C31695;10;site;Android;Esporte;115.23;PR;Nao;nps_ecommerce_2026-04.csv
202604-00469;2026-04-10;2026-04;C34459;8;marketplace;iOS;Mercado;123.15;RS;Sim;nps_ecommerce_2026-04.csv
202604-00497;2026-04-10;2026-04;C14869;5;app;Android;Casa E Decoração;120.49;CE;Sim;nps_ecommerce_2026-04.csv
202604-00534;2026-04-10;2026-04;C23739;5;marketplace;Android;Esporte;92.67;DF;Nao;nps_ecommerce_2026-04.csv
202604-00645;2026-04-10;2026-04;C29250;10;app;Android;Beleza;524.22;SP;Nao;nps_ecommerce_2026-04.csv
202604-00712;2026-04-10;2026-04;C37274;8;app;Android;Mercado;202.82;RJ;Nao;nps_ecommerce_2026-04.csv
202604-00763;2026-04-10;2026-04;C23320;7;app;Desktop;Livros;94.98;RJ;Sim;nps_ecommerce_2026-04.csv
202604-00771;2026-04-10;2026-04;C18675;9;app;Android;Esporte;800.41;CE;Nao;nps_ecommerce_2026-04.csv
202604-00005;2026-04-11;2026-04;C28355;6;site;Android;Livros;288.66;CE;Nao;nps_ecommerce_2026-04.csv
202604-00036;2026-04-11;2026-04;C26839;10;app;iOS;Mercado;285.18;PR;Sim;nps_ecommerce_2026-04.csv
202604-00110;2026-04-11;2026-04;C21848;7;app;iOS;Esporte;89.46;RJ;Nao;nps_ecommerce_2026-04.csv
202604-00145;2026-04-11;2026-04;C15197;10;app;iOS;Esporte;286.82;RS;Sim;nps_ecommerce_2026-04.csv
202604-00147;2026-04-11;2026-04;C10493;7;app;iOS;Eletrônicos;68.11;PE;Nao;nps_ecommerce_2026-04.csv
202604-00257;2026-04-11;2026-04;C36785;6;site;Android;Mercado;139.24;RS;Sim;nps_ecommerce_2026-04.csv
202604-00263;2026-04-11;2026-04;C28223;9;app;Android;Esporte;43.8;RJ;Nao;nps_ecommerce_2026-04.csv
202604-00357;2026-04-11;2026-04;C21557;9;site;Android;Beleza;139.26;PR;Nao;nps_ecommerce_2026-04.csv
202604-00372;2026-04-11;2026-04;C32581;6;site;Android;Eletrônicos;97.95;CE;Sim;nps_ecommerce_2026-04.csv
202604-00412;2026-04-11;2026-04;C16562;6;app;Desktop;Eletrônicos;24.35;PR;Sim;nps_ecommerce_2026-04.csv
202604-00424;2026-04-11;2026-04;C12012;6;site;Nao informado;Eletrônicos;189.97;RS;Sim;nps_ecommerce_2026-04.csv
202604-00440;2026-04-11;2026-04;C38186;5;site;iOS;Moda;43.5;PE;Nao;nps_ecommerce_2026-04.csv
202604-00445;2026-04-11;2026-04;C29713;8;app;iOS;Beleza;38.47;RJ;Nao;nps_ecommerce_2026-04.csv
202604-00448;2026-04-11;2026-04;C37273;5;site;Android;Livros;78.93;BA;Sim;nps_ecommerce_2026-04.csv
202604-00488;2026-04-11;2026-04;C11436;5;site;Desktop;Casa E Decoração;202.66;SP;Sim;nps_ecommerce_2026-04.csv
202604-00527;2026-04-11;2026-04;C36842;9;app;Desktop;Beleza;172.16;BA;Nao;nps_ecommerce_2026-04.csv
202604-00617;2026-04-11;2026-04;C29646;7;site;Android;Eletrônicos;333.8;BA;Sim;nps_ecommerce_2026-04.csv
202604-00634;2026-04-11;2026-04;C37715;9;app;Android;Livros;185.82;RJ;Nao;nps_ecommerce_2026-04.csv
202604-00704;2026-04-11;2026-04;C36766;10;app;Android;Beleza;51.28;BA;Nao;nps_ecommerce_2026-04.csv
202604-00719;2026-04-11;2026-04;C34267;10;app;iOS;Eletrônicos;48.49;RJ;Nao;nps_ecommerce_2026-04.csv
202604-00721;2026-04-11;2026-04;C35273;8;site;Android;Mercado;260.78;PE;Sim;nps_ecommerce_2026-04.csv
202604-00753;2026-04-11;2026-04;C35814;9;app;iOS;Esporte;215.78;MG;Sim;nps_ecommerce_2026-04.csv
202604-00770;2026-04-11;2026-04;C39951;8;app;Desktop;Mercado;150.02;RJ;Sim;nps_ecommerce_2026-04.csv
202604-00042;2026-04-12;2026-04;C26476;8;site;Android;Casa E Decoração;279.63;RJ;Sim;nps_ecommerce_2026-04.csv
202604-00061;2026-04-12;2026-04;C11324;9;site;Android;Eletrônicos;86.35;CE;Nao;nps_ecommerce_2026-04.csv
202604-00079;2026-04-12;2026-04;C29301;8;site;Desktop;Mercado;146.64;PE;Sim;nps_ecommerce_2026-04.csv
202604-00112;2026-04-12;2026-04;C37994;10;site;Android;Esporte;91.86;BA;Sim;nps_ecommerce_2026-04.csv
202604-00141;2026-04-12;2026-04;C25194;8;app;iOS;Eletrônicos;420.14;CE;Sim;nps_ecommerce_2026-04.csv
202604-00155;2026-04-12;2026-04;C24879;4;site;Nao informado;Livros;83.9;DF;Nao;nps_ecommerce_2026-04.csv
202604-00166;2026-04-12;2026-04;C32101;5;site;Android;Eletrônicos;15.72;SP;Sim;nps_ecommerce_2026-04.csv
202604-00173;2026-04-12;2026-04;C15115;7;app;Android;Esporte;62.34;CE;Sim;nps_ecommerce_2026-04.csv
202604-00177;2026-04-12;2026-04;C38829;9;marketplace;Android;Mercado;115.07;BA;Sim;nps_ecommerce_2026-04.csv
202604-00185;2026-04-12;2026-04;C21413;8;site;iOS;Livros;220.73;PE;Sim;nps_ecommerce_2026-04.csv
202604-00186;2026-04-12;2026-04;C30192;9;site;Desktop;Esporte;67.19;MG;Sim;nps_ecommerce_2026-04.csv
202604-00196;2026-04-12;2026-04;C32423;9;site;Android;Moda;152.64;SP;Nao;nps_ecommerce_2026-04.csv
202604-00233;2026-04-12;2026-04;C14250;6;site;Android;Livros;259.87;SP;Nao;nps_ecommerce_2026-04.csv
202604-00314;2026-04-12;2026-04;C27518;7;app;iOS;Mercado;163.5;RJ;Nao;nps_ecommerce_2026-04.csv
202604-00358;2026-04-12;2026-04;C24824;8;app;Android;Eletrônicos;92.58;BA;Nao;nps_ecommerce_2026-04.csv
202604-00377;2026-04-12;2026-04;C22652;7;app;iOS;Casa E Decoração;62.93;PE;Nao;nps_ecommerce_2026-04.csv
202604-00426;2026-04-12;2026-04;C21710;7;app;iOS;Moda;108.42;PE;Sim;nps_ecommerce_2026-04.csv
202604-00431;2026-04-12;2026-04;C24286;10;app;Android;Mercado;210.44;RS;Sim;nps_ecommerce_2026-04.csv
202604-00464;2026-04-12;2026-04;C15960;6;app;Android;Mercado;100.82;PE;Sim;nps_ecommerce_2026-04.csv
202604-00505;2026-04-12;2026-04;C32631;7;app;Android;Beleza;114.77;SP;Nao;nps_ecommerce_2026-04.csv
202604-00535;2026-04-12;2026-04;C10258;9;site;Desktop;Esporte;220.16;BA;Sim;nps_ecommerce_2026-04.csv
202604-00541;2026-04-12;2026-04;C14057;10;app;Android;Eletrônicos;163.15;DF;Nao;nps_ecommerce_2026-04.csv
202604-00551;2026-04-12;2026-04;C19937;6;app;iOS;Moda;47.14;RS;Sim;nps_ecommerce_2026-04.csv
202604-00553;2026-04-12;2026-04;C12213;7;app;Android;Esporte;355.53;DF;Nao;nps_ecommerce_2026-04.csv
202604-00573;2026-04-12;2026-04;C37605;10;site;Android;Esporte;310.54;PE;Nao;nps_ecommerce_2026-04.csv
202604-00626;2026-04-12;2026-04;C36362;9;app;iOS;Eletrônicos;178.23;PE;Sim;nps_ecommerce_2026-04.csv
202604-00778;2026-04-12;2026-04;C38953;10;site;iOS;Moda;214.84;SP;Nao;nps_ecommerce_2026-04.csv
202604-00001;2026-04-13;2026-04;C36774;10;app;Android;Mercado;128.15;PE;Nao;nps_ecommerce_2026-04.csv
202604-00022;2026-04-13;2026-04;C17785;7;site;Android;Livros;71.59;DF;Nao;nps_ecommerce_2026-04.csv
202604-00023;2026-04-13;2026-04;C22699;9;site;Android;Livros;64.78;SP;Nao;nps_ecommerce_2026-04.csv
202604-00031;2026-04-13;2026-04;C13012;9;app;Desktop;Livros;176.05;DF;Nao;nps_ecommerce_2026-04.csv
202604-00034;2026-04-13;2026-04;C36090;5;marketplace;Android;Esporte;109.85;BA;Nao;nps_ecommerce_2026-04.csv
202604-00043;2026-04-13;2026-04;C22947;10;app;iOS;Moda;42.97;CE;Sim;nps_ecommerce_2026-04.csv
202604-00167;2026-04-13;2026-04;C26537;8;site;iOS;Esporte;228.78;DF;Nao;nps_ecommerce_2026-04.csv
202604-00197;2026-04-13;2026-04;C39176;8;site;Desktop;Esporte;94.9;RS;Nao;nps_ecommerce_2026-04.csv
202604-00198;2026-04-13;2026-04;C31526;9;app;Android;Esporte;98.81;BA;Sim;nps_ecommerce_2026-04.csv
202604-00238;2026-04-13;2026-04;C33737;9;site;Desktop;Mercado;39.2;BA;Sim;nps_ecommerce_2026-04.csv
202604-00243;2026-04-13;2026-04;C30529;6;site;iOS;Esporte;143.58;BA;Nao;nps_ecommerce_2026-04.csv
202604-00296;2026-04-13;2026-04;C32232;6;marketplace;Android;Eletrônicos;421.04;CE;Sim;nps_ecommerce_2026-04.csv
202604-00311;2026-04-13;2026-04;C28829;10;app;Nao informado;Livros;376.5;BA;Nao;nps_ecommerce_2026-04.csv
202604-00352;2026-04-13;2026-04;C39276;8;marketplace;Android;Casa E Decoração;190.88;RJ;Nao;nps_ecommerce_2026-04.csv
202604-00411;2026-04-13;2026-04;C32774;8;app;iOS;Moda;185.09;PE;Sim;nps_ecommerce_2026-04.csv
202604-00414;2026-04-13;2026-04;C25877;7;app;iOS;Beleza;109.57;SP;Sim;nps_ecommerce_2026-04.csv
202604-00446;2026-04-13;2026-04;C37518;7;site;iOS;Eletrônicos;388.79;RJ;Sim;nps_ecommerce_2026-04.csv
202604-00486;2026-04-13;2026-04;C22240;7;app;Desktop;Mercado;211.33;RJ;Nao;nps_ecommerce_2026-04.csv
202604-00490;2026-04-13;2026-04;C13032;7;site;iOS;Mercado;196.45;SP;Nao;nps_ecommerce_2026-04.csv
202604-00565;2026-04-13;2026-04;C13235;9;site;Android;Casa E Decoração;250.8;RS;Nao;nps_ecommerce_2026-04.csv
202604-00567;2026-04-13;2026-04;C13770;5;site;iOS;Esporte;77.09;DF;Nao;nps_ecommerce_2026-04.csv
202604-00614;2026-04-13;2026-04;C31458;8;app;iOS;Moda;117.71;MG;Nao;nps_ecommerce_2026-04.csv
202604-00622;2026-04-13;2026-04;C30909;8;app;Android;Eletrônicos;79.16;SP;Sim;nps_ecommerce_2026-04.csv
202604-00639;2026-04-13;2026-04;C12087;9;marketplace;iOS;Eletrônicos;231.12;PR;Nao;nps_ecommerce_2026-04.csv
202604-00643;2026-04-13;2026-04;C15145;10;app;iOS;Beleza;164.53;PE;Nao;nps_ecommerce_2026-04.csv
202604-00648;2026-04-13;2026-04;C30087;7;app;Desktop;Beleza;176.66;RS;Sim;nps_ecommerce_2026-04.csv
202604-00664;2026-04-13;2026-04;C24020;5;site;iOS;Casa E Decoração;105.42;DF;Nao;nps_ecommerce_2026-04.csv
202604-00672;2026-04-13;2026-04;C16697;7;app;iOS;Livros;52.84;MG;Nao;nps_ecommerce_2026-04.csv
202604-00681;2026-04-13;2026-04;C22377;8;marketplace;Android;Esporte;211.1;BA;Nao;nps_ecommerce_2026-04.csv
202604-00686;2026-04-13;2026-04;C34320;9;app;Android;Livros;168.04;PE;Sim;nps_ecommerce_2026-04.csv
202604-00692;2026-04-13;2026-04;C33136;6;site;Desktop;Esporte;76.98;PE;Sim;nps_ecommerce_2026-04.csv
202604-00720;2026-04-13;2026-04;C28904;10;app;iOS;Esporte;308.05;BA;Sim;nps_ecommerce_2026-04.csv
202604-00733;2026-04-13;2026-04;C23995;10;site;iOS;Eletrônicos;121.83;MG;Sim;nps_ecommerce_2026-04.csv
202604-00741;2026-04-13;2026-04;C28220;9;app;Android;Esporte;168.06;SP;Nao;nps_ecommerce_2026-04.csv
202604-00756;2026-04-13;2026-04;C13440;8;app;iOS;Esporte;72.05;PR;Nao;nps_ecommerce_2026-04.csv
202604-00774;2026-04-13;2026-04;C21617;7;marketplace;Nao informado;Beleza;67.82;MG;Nao;nps_ecommerce_2026-04.csv
202604-00013;2026-04-14;2026-04;C29955;6;site;Android;Casa E Decoração;47.85;PE;Nao;nps_ecommerce_2026-04.csv
202604-00135;2026-04-14;2026-04;C22935;7;app;Android;Livros;55.49;DF;Nao;nps_ecommerce_2026-04.csv
202604-00158;2026-04-14;2026-04;C31001;9;site;iOS;Livros;118.52;BA;Sim;nps_ecommerce_2026-04.csv
202604-00203;2026-04-14;2026-04;C19940;10;site;Desktop;Livros;119.58;PE;Nao;nps_ecommerce_2026-04.csv
202604-00221;2026-04-14;2026-04;C20094;8;site;Android;Beleza;171.13;SP;Nao;nps_ecommerce_2026-04.csv
202604-00346;2026-04-14;2026-04;C11449;3;marketplace;Android;Mercado;293.93;SP;Sim;nps_ecommerce_2026-04.csv
202604-00384;2026-04-14;2026-04;C15877;10;app;Android;Moda;289.24;RS;Sim;nps_ecommerce_2026-04.csv
202604-00494;2026-04-14;2026-04;C12956;7;app;Desktop;Esporte;47.88;SP;Sim;nps_ecommerce_2026-04.csv
202604-00517;2026-04-14;2026-04;C37298;8;site;Android;Casa E Decoração;69.01;PE;Nao;nps_ecommerce_2026-04.csv
202604-00530;2026-04-14;2026-04;C35795;6;site;Desktop;Beleza;56.25;DF;Nao;nps_ecommerce_2026-04.csv
202604-00562;2026-04-14;2026-04;C10788;9;app;iOS;Casa E Decoração;117.44;MG;Sim;nps_ecommerce_2026-04.csv
202604-00568;2026-04-14;2026-04;C30759;8;app;Desktop;Casa E Decoração;44.05;SP;Sim;nps_ecommerce_2026-04.csv
202604-00575;2026-04-14;2026-04;C16909;9;site;Desktop;Casa E Decoração;54.39;RS;Nao;nps_ecommerce_2026-04.csv
202604-00663;2026-04-14;2026-04;C26793;10;site;iOS;Esporte;78.42;SP;Sim;nps_ecommerce_2026-04.csv
202604-00762;2026-04-14;2026-04;C27058;5;site;Desktop;Mercado;58.59;RS;Sim;nps_ecommerce_2026-04.csv
202604-00765;2026-04-14;2026-04;C32185;7;site;Android;Beleza;137.96;SP;Nao;nps_ecommerce_2026-04.csv
202604-00779;2026-04-14;2026-04;C34376;9;app;iOS;Livros;157.29;PE;Sim;nps_ecommerce_2026-04.csv
202604-00002;2026-04-15;2026-04;C20356;9;app;Android;Livros;63.79;CE;Sim;nps_ecommerce_2026-04.csv
202604-00010;2026-04-15;2026-04;C31576;8;site;Android;Beleza;97.87;CE;Sim;nps_ecommerce_2026-04.csv
202604-00014;2026-04-15;2026-04;C36371;3;marketplace;Android;Livros;173.4;RS;Nao;nps_ecommerce_2026-04.csv
202604-00033;2026-04-15;2026-04;C17875;9;app;Android;Esporte;30.48;BA;Sim;nps_ecommerce_2026-04.csv
202604-00060;2026-04-15;2026-04;C15217;6;site;Desktop;Livros;436.25;MG;Sim;nps_ecommerce_2026-04.csv
202604-00074;2026-04-15;2026-04;C29547;6;app;iOS;Beleza;347.56;BA;Sim;nps_ecommerce_2026-04.csv
202604-00124;2026-04-15;2026-04;C23565;9;site;Desktop;Moda;237.15;DF;Sim;nps_ecommerce_2026-04.csv
202604-00162;2026-04-15;2026-04;C36247;5;marketplace;Android;Livros;126.87;RJ;Nao;nps_ecommerce_2026-04.csv
202604-00170;2026-04-15;2026-04;C23011;8;app;Nao informado;Eletrônicos;73.0;CE;Nao;nps_ecommerce_2026-04.csv
202604-00180;2026-04-15;2026-04;C34669;8;app;Android;Moda;271.49;PE;Nao;nps_ecommerce_2026-04.csv
202604-00211;2026-04-15;2026-04;C37099;8;site;Desktop;Moda;119.47;CE;Nao;nps_ecommerce_2026-04.csv
202604-00216;2026-04-15;2026-04;C10816;10;app;Android;Livros;87.14;BA;Sim;nps_ecommerce_2026-04.csv
202604-00224;2026-04-15;2026-04;C23439;10;app;Android;Eletrônicos;459.4;CE;Sim;nps_ecommerce_2026-04.csv
202604-00249;2026-04-15;2026-04;C22700;8;app;Android;Eletrônicos;236.75;SP;Nao;nps_ecommerce_2026-04.csv
202604-00261;2026-04-15;2026-04;C25974;5;site;Android;Casa E Decoração;114.64;BA;Nao;nps_ecommerce_2026-04.csv
202604-00267;2026-04-15;2026-04;C20661;8;app;Desktop;Moda;194.4;SP;Nao;nps_ecommerce_2026-04.csv
202604-00270;2026-04-15;2026-04;C27408;10;site;Android;Beleza;123.34;MG;Sim;nps_ecommerce_2026-04.csv
202604-00320;2026-04-15;2026-04;C32219;10;app;Android;Livros;98.81;DF;Sim;nps_ecommerce_2026-04.csv
202604-00340;2026-04-15;2026-04;C15834;10;app;iOS;Livros;130.14;SP;Sim;nps_ecommerce_2026-04.csv
202604-00342;2026-04-15;2026-04;C23704;9;app;iOS;Casa E Decoração;95.56;CE;Sim;nps_ecommerce_2026-04.csv
202604-00439;2026-04-15;2026-04;C14841;8;site;Android;Mercado;359.36;BA;Nao;nps_ecommerce_2026-04.csv
202604-00456;2026-04-15;2026-04;C30688;10;app;Desktop;Livros;115.22;MG;Nao;nps_ecommerce_2026-04.csv
202604-00487;2026-04-15;2026-04;C37220;4;app;Android;Livros;226.97;RJ;Nao;nps_ecommerce_2026-04.csv
202604-00542;2026-04-15;2026-04;C21107;9;app;Desktop;Esporte;84.08;SP;Sim;nps_ecommerce_2026-04.csv
202604-00600;2026-04-15;2026-04;C26948;9;app;iOS;Eletrônicos;169.09;SP;Sim;nps_ecommerce_2026-04.csv
202604-00623;2026-04-15;2026-04;C38284;6;app;iOS;Beleza;68.18;PR;Nao;nps_ecommerce_2026-04.csv
202604-00646;2026-04-15;2026-04;C12096;5;app;Android;Moda;32.59;MG;Nao;nps_ecommerce_2026-04.csv
202604-00647;2026-04-15;2026-04;C25161;10;marketplace;Android;Casa E Decoração;159.61;CE;Nao;nps_ecommerce_2026-04.csv
202604-00660;2026-04-15;2026-04;C11717;9;app;iOS;Beleza;416.15;RS;Sim;nps_ecommerce_2026-04.csv
202604-00676;2026-04-15;2026-04;C30636;9;site;Nao informado;Mercado;54.8;MG;Nao;nps_ecommerce_2026-04.csv
202604-00680;2026-04-15;2026-04;C30827;9;app;Desktop;Beleza;336.66;SP;Sim;nps_ecommerce_2026-04.csv
202604-00698;2026-04-15;2026-04;C28582;7;app;iOS;Eletrônicos;221.0;RJ;Sim;nps_ecommerce_2026-04.csv
202604-00051;2026-04-16;2026-04;C24766;7;marketplace;Android;Livros;182.27;BA;Sim;nps_ecommerce_2026-04.csv
202604-00066;2026-04-16;2026-04;C35973;9;app;Android;Esporte;75.61;BA;Sim;nps_ecommerce_2026-04.csv
202604-00076;2026-04-16;2026-04;C39543;10;site;iOS;Mercado;179.35;MG;Sim;nps_ecommerce_2026-04.csv
202604-00080;2026-04-16;2026-04;C35095;10;app;Desktop;Casa E Decoração;173.38;RS;Nao;nps_ecommerce_2026-04.csv
202604-00085;2026-04-16;2026-04;C18315;8;app;Android;Mercado;100.11;DF;Nao;nps_ecommerce_2026-04.csv
202604-00102;2026-04-16;2026-04;C20284;8;app;Desktop;Casa E Decoração;67.0;MG;Sim;nps_ecommerce_2026-04.csv
202604-00103;2026-04-16;2026-04;C34153;6;marketplace;Android;Mercado;183.46;PR;Nao;nps_ecommerce_2026-04.csv
202604-00117;2026-04-16;2026-04;C37491;7;app;Android;Casa E Decoração;138.27;RS;Nao;nps_ecommerce_2026-04.csv
202604-00120;2026-04-16;2026-04;C35386;10;app;Desktop;Beleza;183.97;DF;Nao;nps_ecommerce_2026-04.csv
202604-00183;2026-04-16;2026-04;C22953;10;app;iOS;Esporte;258.79;PR;Sim;nps_ecommerce_2026-04.csv
202604-00207;2026-04-16;2026-04;C25527;8;app;iOS;Eletrônicos;63.71;PE;Nao;nps_ecommerce_2026-04.csv
202604-00245;2026-04-16;2026-04;C38739;9;app;Android;Casa E Decoração;244.87;RJ;Sim;nps_ecommerce_2026-04.csv
202604-00255;2026-04-16;2026-04;C39599;9;app;iOS;Eletrônicos;178.76;SP;Sim;nps_ecommerce_2026-04.csv
202604-00285;2026-04-16;2026-04;C28807;8;app;Android;Mercado;123.12;DF;Nao;nps_ecommerce_2026-04.csv
202604-00295;2026-04-16;2026-04;C18605;10;app;Desktop;Eletrônicos;163.86;PE;Nao;nps_ecommerce_2026-04.csv
202604-00328;2026-04-16;2026-04;C12645;4;site;Nao informado;Moda;83.11;SP;Sim;nps_ecommerce_2026-04.csv
202604-00347;2026-04-16;2026-04;C36532;7;app;Desktop;Beleza;76.89;PE;Nao;nps_ecommerce_2026-04.csv
202604-00380;2026-04-16;2026-04;C38427;10;app;iOS;Esporte;51.04;RS;Nao;nps_ecommerce_2026-04.csv
202604-00385;2026-04-16;2026-04;C12186;9;app;Android;Beleza;86.13;RS;Nao;nps_ecommerce_2026-04.csv
202604-00415;2026-04-16;2026-04;C17563;7;app;iOS;Eletrônicos;335.87;CE;Sim;nps_ecommerce_2026-04.csv
202604-00421;2026-04-16;2026-04;C24112;8;marketplace;Android;Beleza;64.62;MG;Sim;nps_ecommerce_2026-04.csv
202604-00474;2026-04-16;2026-04;C39760;10;app;Android;Livros;155.86;PR;Sim;nps_ecommerce_2026-04.csv
202604-00478;2026-04-16;2026-04;C38563;7;app;iOS;Casa E Decoração;146.37;MG;Nao;nps_ecommerce_2026-04.csv
202604-00496;2026-04-16;2026-04;C27277;7;site;Android;Casa E Decoração;349.96;MG;Nao;nps_ecommerce_2026-04.csv
202604-00514;2026-04-16;2026-04;C30404;8;marketplace;iOS;Livros;101.89;RJ;Nao;nps_ecommerce_2026-04.csv
202604-00522;2026-04-16;2026-04;C18448;8;app;Android;Mercado;144.77;PR;Sim;nps_ecommerce_2026-04.csv
202604-00547;2026-04-16;2026-04;C30855;8;marketplace;Android;Beleza;46.7;SP;Nao;nps_ecommerce_2026-04.csv
202604-00549;2026-04-16;2026-04;C11068;7;site;Desktop;Casa E Decoração;134.34;CE;Sim;nps_ecommerce_2026-04.csv
202604-00636;2026-04-16;2026-04;C36555;9;app;Android;Moda;63.53;SP;Nao;nps_ecommerce_2026-04.csv
202604-00641;2026-04-16;2026-04;C10879;7;app;iOS;Beleza;50.35;SP;Nao;nps_ecommerce_2026-04.csv
202604-00655;2026-04-16;2026-04;C25117;10;app;Android;Moda;103.11;CE;Nao;nps_ecommerce_2026-04.csv
202604-00667;2026-04-16;2026-04;C13336;8;app;Android;Mercado;126.55;SP;Sim;nps_ecommerce_2026-04.csv
202604-00701;2026-04-16;2026-04;C25898;6;app;iOS;Eletrônicos;64.94;PR;Nao;nps_ecommerce_2026-04.csv
202604-00725;2026-04-16;2026-04;C30679;6;marketplace;Android;Livros;363.0;SP;Nao;nps_ecommerce_2026-04.csv
202604-00030;2026-04-17;2026-04;C17207;7;app;Android;Mercado;106.6;BA;Sim;nps_ecommerce_2026-04.csv
202604-00065;2026-04-17;2026-04;C18243;8;site;Desktop;Esporte;71.71;RJ;Nao;nps_ecommerce_2026-04.csv
202604-00075;2026-04-17;2026-04;C38167;8;app;Android;Mercado;101.94;PR;Sim;nps_ecommerce_2026-04.csv
202604-00092;2026-04-17;2026-04;C26902;9;app;Android;Livros;49.02;SP;Sim;nps_ecommerce_2026-04.csv
202604-00094;2026-04-17;2026-04;C10503;7;app;iOS;Eletrônicos;183.18;PR;Nao;nps_ecommerce_2026-04.csv
202604-00126;2026-04-17;2026-04;C35067;6;app;iOS;Esporte;106.11;PE;Sim;nps_ecommerce_2026-04.csv
202604-00164;2026-04-17;2026-04;C13182;9;app;iOS;Beleza;93.98;PR;Sim;nps_ecommerce_2026-04.csv
202604-00231;2026-04-17;2026-04;C16876;9;app;Android;Eletrônicos;101.32;PE;Sim;nps_ecommerce_2026-04.csv
202604-00247;2026-04-17;2026-04;C15048;6;site;Desktop;Livros;33.74;CE;Nao;nps_ecommerce_2026-04.csv
202604-00253;2026-04-17;2026-04;C13354;6;marketplace;Android;Casa E Decoração;67.34;DF;Nao;nps_ecommerce_2026-04.csv
202604-00279;2026-04-17;2026-04;C23897;3;site;Android;Casa E Decoração;73.45;CE;Sim;nps_ecommerce_2026-04.csv
202604-00283;2026-04-17;2026-04;C39160;9;app;iOS;Livros;165.56;RJ;Sim;nps_ecommerce_2026-04.csv
202604-00330;2026-04-17;2026-04;C24759;8;app;Desktop;Esporte;87.32;RS;Sim;nps_ecommerce_2026-04.csv
202604-00333;2026-04-17;2026-04;C17185;10;marketplace;Android;Moda;63.84;DF;Nao;nps_ecommerce_2026-04.csv
202604-00337;2026-04-17;2026-04;C13803;7;site;iOS;Beleza;112.82;CE;Nao;nps_ecommerce_2026-04.csv
202604-00354;2026-04-17;2026-04;C39819;7;site;Desktop;Eletrônicos;109.3;SP;Nao;nps_ecommerce_2026-04.csv
202604-00371;2026-04-17;2026-04;C20855;7;app;iOS;Casa E Decoração;109.82;DF;Sim;nps_ecommerce_2026-04.csv
202604-00435;2026-04-17;2026-04;C36349;9;site;Android;Casa E Decoração;200.88;RS;Sim;nps_ecommerce_2026-04.csv
202604-00525;2026-04-17;2026-04;C13454;9;site;iOS;Moda;226.19;SP;Nao;nps_ecommerce_2026-04.csv
202604-00538;2026-04-17;2026-04;C27720;10;app;iOS;Esporte;181.75;MG;Nao;nps_ecommerce_2026-04.csv
202604-00548;2026-04-17;2026-04;C14165;10;site;Android;Livros;145.89;MG;Sim;nps_ecommerce_2026-04.csv
202604-00605;2026-04-17;2026-04;C29216;10;app;iOS;Moda;104.95;SP;Sim;nps_ecommerce_2026-04.csv
202604-00670;2026-04-17;2026-04;C29250;10;app;iOS;Eletrônicos;86.11;PR;Sim;nps_ecommerce_2026-04.csv
202604-00688;2026-04-17;2026-04;C33236;10;marketplace;Android;Livros;257.26;BA;Sim;nps_ecommerce_2026-04.csv
202604-00769;2026-04-17;2026-04;C21576;10;app;Android;Beleza;34.81;MG;Sim;nps_ecommerce_2026-04.csv
202604-00775;2026-04-17;2026-04;C39442;10;app;iOS;Beleza;82.71;DF;Sim;nps_ecommerce_2026-04.csv
202604-00011;2026-04-18;2026-04;C24182;8;site;Android;Esporte;109.21;SP;Sim;nps_ecommerce_2026-04.csv
202604-00041;2026-04-18;2026-04;C10193;9;app;Android;Mercado;121.77;RJ;Sim;nps_ecommerce_2026-04.csv
202604-00046;2026-04-18;2026-04;C27941;5;site;iOS;Livros;34.42;PE;Nao;nps_ecommerce_2026-04.csv
202604-00055;2026-04-18;2026-04;C16436;7;site;Desktop;Eletrônicos;65.41;MG;Sim;nps_ecommerce_2026-04.csv
202604-00118;2026-04-18;2026-04;C36542;10;app;iOS;Eletrônicos;494.86;DF;Nao;nps_ecommerce_2026-04.csv
202604-00131;2026-04-18;2026-04;C17442;9;marketplace;Android;Casa E Decoração;182.63;CE;Nao;nps_ecommerce_2026-04.csv
202604-00139;2026-04-18;2026-04;C10725;9;app;iOS;Casa E Decoração;83.69;SP;Sim;nps_ecommerce_2026-04.csv
202604-00168;2026-04-18;2026-04;C20638;2;marketplace;Android;Livros;59.93;BA;Nao;nps_ecommerce_2026-04.csv
202604-00202;2026-04-18;2026-04;C33574;4;app;iOS;Moda;79.4;DF;Sim;nps_ecommerce_2026-04.csv
202604-00212;2026-04-18;2026-04;C22694;5;marketplace;Android;Eletrônicos;152.48;SP;Sim;nps_ecommerce_2026-04.csv
202604-00236;2026-04-18;2026-04;C36412;8;app;iOS;Moda;95.15;BA;Nao;nps_ecommerce_2026-04.csv
202604-00275;2026-04-18;2026-04;C16921;5;app;Android;Moda;227.36;PE;Nao;nps_ecommerce_2026-04.csv
202604-00325;2026-04-18;2026-04;C14500;6;app;Desktop;Moda;134.3;SP;Sim;nps_ecommerce_2026-04.csv
202604-00353;2026-04-18;2026-04;C28849;9;site;Android;Eletrônicos;129.37;SP;Nao;nps_ecommerce_2026-04.csv
202604-00375;2026-04-18;2026-04;C37834;10;app;Android;Eletrônicos;234.23;RJ;Nao;nps_ecommerce_2026-04.csv
202604-00390;2026-04-18;2026-04;C20571;8;site;Desktop;Livros;35.22;MG;Nao;nps_ecommerce_2026-04.csv
202604-00419;2026-04-18;2026-04;C10579;9;site;iOS;Beleza;57.38;DF;Sim;nps_ecommerce_2026-04.csv
202604-00428;2026-04-18;2026-04;C20686;10;app;Android;Beleza;84.84;SP;Nao;nps_ecommerce_2026-04.csv
202604-00465;2026-04-18;2026-04;C31204;8;app;iOS;Eletrônicos;183.46;SP;Nao;nps_ecommerce_2026-04.csv
202604-00558;2026-04-18;2026-04;C31140;10;site;Android;Moda;334.94;RS;Sim;nps_ecommerce_2026-04.csv
202604-00563;2026-04-18;2026-04;C15510;8;app;iOS;Mercado;71.45;RJ;Sim;nps_ecommerce_2026-04.csv
202604-00571;2026-04-18;2026-04;C24802;6;site;Desktop;Mercado;137.52;PE;Nao;nps_ecommerce_2026-04.csv
202604-00611;2026-04-18;2026-04;C13774;7;app;Android;Livros;404.87;SP;Nao;nps_ecommerce_2026-04.csv
202604-00683;2026-04-18;2026-04;C33810;8;site;Android;Casa E Decoração;66.5;MG;Nao;nps_ecommerce_2026-04.csv
202604-00742;2026-04-18;2026-04;C33388;8;app;Android;Mercado;179.59;SP;Sim;nps_ecommerce_2026-04.csv
202604-00749;2026-04-18;2026-04;C17079;7;marketplace;iOS;Livros;71.46;SP;Nao;nps_ecommerce_2026-04.csv
202604-00754;2026-04-18;2026-04;C13604;8;app;Android;Casa E Decoração;167.05;RJ;Sim;nps_ecommerce_2026-04.csv
202604-00064;2026-04-19;2026-04;C27837;10;site;Android;Beleza;362.51;RS;Nao;nps_ecommerce_2026-04.csv
202604-00070;2026-04-19;2026-04;C15279;10;app;Android;Esporte;76.72;SP;Sim;nps_ecommerce_2026-04.csv
202604-00095;2026-04-19;2026-04;C21406;10;site;Desktop;Moda;123.33;DF;Sim;nps_ecommerce_2026-04.csv
202604-00096;2026-04-19;2026-04;C10152;9;app;Android;Eletrônicos;400.03;PE;Sim;nps_ecommerce_2026-04.csv
202604-00098;2026-04-19;2026-04;C25847;9;site;Android;Mercado;35.43;PE;Nao;nps_ecommerce_2026-04.csv
202604-00165;2026-04-19;2026-04;C30490;7;app;Android;Esporte;129.06;PR;Nao;nps_ecommerce_2026-04.csv
202604-00228;2026-04-19;2026-04;C35798;7;site;Desktop;Livros;114.05;SP;Nao;nps_ecommerce_2026-04.csv
202604-00254;2026-04-19;2026-04;C18022;10;app;iOS;Casa E Decoração;107.43;RS;Nao;nps_ecommerce_2026-04.csv
202604-00258;2026-04-19;2026-04;C14318;5;marketplace;Desktop;Livros;48.23;CE;Nao;nps_ecommerce_2026-04.csv
202604-00281;2026-04-19;2026-04;C22024;8;app;iOS;Beleza;128.23;DF;Nao;nps_ecommerce_2026-04.csv
202604-00287;2026-04-19;2026-04;C15540;10;app;Android;Casa E Decoração;148.56;CE;Sim;nps_ecommerce_2026-04.csv
202604-00387;2026-04-19;2026-04;C11917;9;site;Android;Livros;173.09;MG;Sim;nps_ecommerce_2026-04.csv
202604-00400;2026-04-19;2026-04;C39529;7;marketplace;Android;Eletrônicos;139.14;PR;Sim;nps_ecommerce_2026-04.csv
202604-00401;2026-04-19;2026-04;C21397;10;app;Desktop;Mercado;110.37;RS;Sim;nps_ecommerce_2026-04.csv
202604-00427;2026-04-19;2026-04;C12783;8;app;iOS;Casa E Decoração;60.25;RS;Sim;nps_ecommerce_2026-04.csv
202604-00429;2026-04-19;2026-04;C10728;8;app;Android;Beleza;60.58;CE;Nao;nps_ecommerce_2026-04.csv
202604-00467;2026-04-19;2026-04;C13845;10;marketplace;Nao informado;Esporte;46.8;MG;Nao;nps_ecommerce_2026-04.csv
202604-00484;2026-04-19;2026-04;C39192;10;site;iOS;Eletrônicos;79.81;RS;Sim;nps_ecommerce_2026-04.csv
202604-00498;2026-04-19;2026-04;C11563;5;site;Desktop;Esporte;156.73;RS;Sim;nps_ecommerce_2026-04.csv
202604-00513;2026-04-19;2026-04;C20349;7;site;iOS;Livros;167.91;PE;Nao;nps_ecommerce_2026-04.csv
202604-00574;2026-04-19;2026-04;C12291;6;app;Android;Eletrônicos;217.2;DF;Sim;nps_ecommerce_2026-04.csv
202604-00601;2026-04-19;2026-04;C35867;8;site;Desktop;Moda;204.36;RJ;Nao;nps_ecommerce_2026-04.csv
202604-00603;2026-04-19;2026-04;C24281;10;app;Android;Casa E Decoração;226.13;RS;Nao;nps_ecommerce_2026-04.csv
202604-00619;2026-04-19;2026-04;C39027;6;marketplace;Android;Mercado;99.9;DF;Nao;nps_ecommerce_2026-04.csv
202604-00625;2026-04-19;2026-04;C11348;5;site;Android;Beleza;48.15;PR;Nao;nps_ecommerce_2026-04.csv
202604-00633;2026-04-19;2026-04;C35754;10;app;Android;Mercado;170.35;DF;Nao;nps_ecommerce_2026-04.csv
202604-00691;2026-04-19;2026-04;C31712;10;app;iOS;Mercado;104.31;SP;Sim;nps_ecommerce_2026-04.csv
202604-00722;2026-04-19;2026-04;C17279;10;site;iOS;Mercado;248.79;SP;Nao;nps_ecommerce_2026-04.csv
202604-00731;2026-04-19;2026-04;C14507;10;app;Android;Moda;85.28;MG;Sim;nps_ecommerce_2026-04.csv
202604-00073;2026-04-20;2026-04;C14676;10;app;Desktop;Moda;71.54;PE;Nao;nps_ecommerce_2026-04.csv
202604-00077;2026-04-20;2026-04;C27671;9;app;Desktop;Mercado;553.08;MG;Nao;nps_ecommerce_2026-04.csv
202604-00106;2026-04-20;2026-04;C20335;10;site;Desktop;Esporte;79.29;BA;Nao;nps_ecommerce_2026-04.csv
202604-00111;2026-04-20;2026-04;C21242;10;app;Android;Moda;93.6;CE;Nao;nps_ecommerce_2026-04.csv
202604-00138;2026-04-20;2026-04;C24836;7;app;Android;Moda;39.79;CE;Nao;nps_ecommerce_2026-04.csv
202604-00156;2026-04-20;2026-04;C38076;9;site;Android;Casa E Decoração;50.5;SP;Sim;nps_ecommerce_2026-04.csv
202604-00169;2026-04-20;2026-04;C17887;9;site;iOS;Mercado;512.99;BA;Nao;nps_ecommerce_2026-04.csv
202604-00210;2026-04-20;2026-04;C34095;10;app;Android;Beleza;89.83;SP;Sim;nps_ecommerce_2026-04.csv
202604-00219;2026-04-20;2026-04;C15239;6;site;Android;Mercado;75.61;DF;Sim;nps_ecommerce_2026-04.csv
202604-00225;2026-04-20;2026-04;C30599;7;marketplace;Desktop;Eletrônicos;61.43;RS;Sim;nps_ecommerce_2026-04.csv
202604-00234;2026-04-20;2026-04;C17625;7;app;Desktop;Eletrônicos;213.93;MG;Sim;nps_ecommerce_2026-04.csv
202604-00268;2026-04-20;2026-04;C13563;7;marketplace;Android;Mercado;71.78;RJ;Nao;nps_ecommerce_2026-04.csv
202604-00331;2026-04-20;2026-04;C12884;4;site;Android;Casa E Decoração;205.11;CE;Nao;nps_ecommerce_2026-04.csv
202604-00374;2026-04-20;2026-04;C31014;8;app;Android;Mercado;68.58;SP;Nao;nps_ecommerce_2026-04.csv
202604-00376;2026-04-20;2026-04;C29827;5;app;iOS;Livros;71.24;BA;Nao;nps_ecommerce_2026-04.csv
202604-00417;2026-04-20;2026-04;C13156;10;app;Android;Esporte;54.75;SP;Nao;nps_ecommerce_2026-04.csv
202604-00436;2026-04-20;2026-04;C26887;9;app;Android;Moda;123.19;RS;Sim;nps_ecommerce_2026-04.csv
202604-00475;2026-04-20;2026-04;C22482;8;app;Android;Casa E Decoração;121.45;DF;Sim;nps_ecommerce_2026-04.csv
202604-00479;2026-04-20;2026-04;C37183;8;app;iOS;Casa E Decoração;116.01;RS;Nao;nps_ecommerce_2026-04.csv
202604-00516;2026-04-20;2026-04;C37965;10;site;Android;Moda;241.1;BA;Nao;nps_ecommerce_2026-04.csv
202604-00518;2026-04-20;2026-04;C16789;6;site;Android;Livros;175.17;MG;Nao;nps_ecommerce_2026-04.csv
202604-00561;2026-04-20;2026-04;C20499;6;app;iOS;Mercado;62.18;DF;Sim;nps_ecommerce_2026-04.csv
202604-00595;2026-04-20;2026-04;C24369;5;marketplace;Android;Esporte;74.94;SP;Sim;nps_ecommerce_2026-04.csv
202604-00607;2026-04-20;2026-04;C32689;6;site;Android;Casa E Decoração;46.21;CE;Nao;nps_ecommerce_2026-04.csv
202604-00668;2026-04-20;2026-04;C20628;10;app;Android;Livros;25.21;RJ;Sim;nps_ecommerce_2026-04.csv
202604-00684;2026-04-20;2026-04;C25756;10;app;iOS;Beleza;198.05;DF;Sim;nps_ecommerce_2026-04.csv
202604-00709;2026-04-20;2026-04;C25877;8;site;Android;Eletrônicos;40.64;PR;Nao;nps_ecommerce_2026-04.csv
202604-00724;2026-04-20;2026-04;C20490;9;app;Desktop;Eletrônicos;123.56;SP;Nao;nps_ecommerce_2026-04.csv
202604-00773;2026-04-20;2026-04;C25084;8;app;Android;Eletrônicos;35.04;SP;Nao;nps_ecommerce_2026-04.csv
202604-00038;2026-04-21;2026-04;C36763;9;app;Android;Moda;95.97;PE;Sim;nps_ecommerce_2026-04.csv
202604-00056;2026-04-21;2026-04;C11022;6;marketplace;Android;Mercado;402.7;DF;Sim;nps_ecommerce_2026-04.csv
202604-00123;2026-04-21;2026-04;C22958;7;site;Android;Mercado;88.48;SP;Nao;nps_ecommerce_2026-04.csv
202604-00130;2026-04-21;2026-04;C34540;6;site;Android;Esporte;444.91;CE;Nao;nps_ecommerce_2026-04.csv
202604-00200;2026-04-21;2026-04;C14540;6;site;Android;Moda;269.86;PR;Sim;nps_ecommerce_2026-04.csv
202604-00251;2026-04-21;2026-04;C39233;10;app;iOS;Casa E Decoração;204.28;RS;Nao;nps_ecommerce_2026-04.csv
202604-00277;2026-04-21;2026-04;C10514;10;app;Desktop;Livros;227.65;RJ;Nao;nps_ecommerce_2026-04.csv
202604-00315;2026-04-21;2026-04;C16655;7;site;iOS;Beleza;120.29;RS;Sim;nps_ecommerce_2026-04.csv
202604-00349;2026-04-21;2026-04;C12973;4;app;Nao informado;Livros;1092.72;PR;Nao;nps_ecommerce_2026-04.csv
202604-00364;2026-04-21;2026-04;C31169;10;app;Android;Livros;174.4;BA;Nao;nps_ecommerce_2026-04.csv
202604-00381;2026-04-21;2026-04;C39963;9;app;iOS;Beleza;147.55;PE;Sim;nps_ecommerce_2026-04.csv
202604-00389;2026-04-21;2026-04;C12517;9;app;Android;Moda;85.09;DF;Sim;nps_ecommerce_2026-04.csv
202604-00441;2026-04-21;2026-04;C15262;9;app;Android;Beleza;125.92;RS;Sim;nps_ecommerce_2026-04.csv
202604-00444;2026-04-21;2026-04;C37935;4;site;Android;Mercado;68.04;MG;Sim;nps_ecommerce_2026-04.csv
202604-00461;2026-04-21;2026-04;C20012;8;app;iOS;Moda;94.61;PR;Sim;nps_ecommerce_2026-04.csv
202604-00507;2026-04-21;2026-04;C17922;7;app;Android;Mercado;124.45;MG;Sim;nps_ecommerce_2026-04.csv
202604-00536;2026-04-21;2026-04;C16721;7;site;Android;Esporte;115.57;CE;Nao;nps_ecommerce_2026-04.csv
202604-00555;2026-04-21;2026-04;C25103;5;site;Android;Moda;288.61;DF;Nao;nps_ecommerce_2026-04.csv
202604-00569;2026-04-21;2026-04;C35729;7;app;Android;Beleza;60.17;DF;Sim;nps_ecommerce_2026-04.csv
202604-00588;2026-04-21;2026-04;C32056;9;app;iOS;Casa E Decoração;93.82;PE;Nao;nps_ecommerce_2026-04.csv
202604-00627;2026-04-21;2026-04;C12486;9;app;iOS;Mercado;101.65;RS;Sim;nps_ecommerce_2026-04.csv
202604-00640;2026-04-21;2026-04;C39318;5;site;iOS;Livros;126.27;CE;Sim;nps_ecommerce_2026-04.csv
202604-00665;2026-04-21;2026-04;C20362;7;app;Nao informado;Moda;116.23;PE;Nao;nps_ecommerce_2026-04.csv
202604-00666;2026-04-21;2026-04;C30444;10;app;iOS;Moda;88.22;RS;Nao;nps_ecommerce_2026-04.csv
202604-00716;2026-04-21;2026-04;C33770;6;site;Android;Casa E Decoração;102.43;DF;Sim;nps_ecommerce_2026-04.csv
202604-00738;2026-04-21;2026-04;C31914;10;app;iOS;Esporte;83.79;CE;Nao;nps_ecommerce_2026-04.csv
202604-00772;2026-04-21;2026-04;C26892;9;app;iOS;Beleza;60.17;RS;Nao;nps_ecommerce_2026-04.csv
202604-00026;2026-04-22;2026-04;C12440;8;app;iOS;Esporte;215.39;MG;Sim;nps_ecommerce_2026-04.csv
202604-00037;2026-04-22;2026-04;C30627;7;site;Desktop;Beleza;344.99;PR;Sim;nps_ecommerce_2026-04.csv
202604-00062;2026-04-22;2026-04;C16775;10;app;Android;Beleza;79.52;SP;Nao;nps_ecommerce_2026-04.csv
202604-00068;2026-04-22;2026-04;C17547;8;app;iOS;Eletrônicos;138.28;RJ;Nao;nps_ecommerce_2026-04.csv
202604-00105;2026-04-22;2026-04;C31739;6;app;iOS;Mercado;165.87;RJ;Sim;nps_ecommerce_2026-04.csv
202604-00160;2026-04-22;2026-04;C26053;7;app;Android;Casa E Decoração;68.91;PE;Sim;nps_ecommerce_2026-04.csv
202604-00239;2026-04-22;2026-04;C25699;6;app;Android;Livros;57.54;BA;Sim;nps_ecommerce_2026-04.csv
202604-00252;2026-04-22;2026-04;C13855;8;site;iOS;Eletrônicos;39.59;CE;Sim;nps_ecommerce_2026-04.csv
202604-00259;2026-04-22;2026-04;C31116;7;app;Android;Moda;118.4;RS;Sim;nps_ecommerce_2026-04.csv
202604-00290;2026-04-22;2026-04;C24635;7;marketplace;iOS;Mercado;105.04;MG;Sim;nps_ecommerce_2026-04.csv
202604-00302;2026-04-22;2026-04;C39293;10;app;Desktop;Livros;35.73;SP;Sim;nps_ecommerce_2026-04.csv
202604-00369;2026-04-22;2026-04;C20385;8;app;iOS;Beleza;65.54;SP;Sim;nps_ecommerce_2026-04.csv
202604-00408;2026-04-22;2026-04;C37560;7;app;Android;Casa E Decoração;97.39;RS;Nao;nps_ecommerce_2026-04.csv
202604-00410;2026-04-22;2026-04;C13446;7;marketplace;Android;Livros;88.67;CE;Sim;nps_ecommerce_2026-04.csv
202604-00416;2026-04-22;2026-04;C10876;8;site;Android;Livros;149.95;CE;Nao;nps_ecommerce_2026-04.csv
202604-00422;2026-04-22;2026-04;C28146;6;site;Android;Beleza;267.15;CE;Sim;nps_ecommerce_2026-04.csv
202604-00451;2026-04-22;2026-04;C18072;5;site;Desktop;Moda;144.4;CE;Nao;nps_ecommerce_2026-04.csv
202604-00512;2026-04-22;2026-04;C39657;10;site;Android;Livros;61.14;SP;Sim;nps_ecommerce_2026-04.csv
202604-00543;2026-04-22;2026-04;C35715;4;app;Android;Moda;261.91;RS;Nao;nps_ecommerce_2026-04.csv
202604-00556;2026-04-22;2026-04;C30433;8;app;iOS;Beleza;82.78;SP;Nao;nps_ecommerce_2026-04.csv
202604-00564;2026-04-22;2026-04;C15544;8;app;Desktop;Moda;63.63;PE;Sim;nps_ecommerce_2026-04.csv
202604-00578;2026-04-22;2026-04;C15686;10;app;Desktop;Livros;146.94;SP;Nao;nps_ecommerce_2026-04.csv
202604-00580;2026-04-22;2026-04;C14044;8;marketplace;Desktop;Mercado;48.01;CE;Nao;nps_ecommerce_2026-04.csv
202604-00582;2026-04-22;2026-04;C33238;7;site;iOS;Esporte;117.87;RS;Nao;nps_ecommerce_2026-04.csv
202604-00585;2026-04-22;2026-04;C32360;10;site;iOS;Esporte;96.17;SP;Sim;nps_ecommerce_2026-04.csv
202604-00642;2026-04-22;2026-04;C27183;8;app;iOS;Esporte;97.91;RS;Sim;nps_ecommerce_2026-04.csv
202604-00675;2026-04-22;2026-04;C18137;10;app;Android;Moda;296.61;SP;Nao;nps_ecommerce_2026-04.csv
202604-00702;2026-04-22;2026-04;C29085;9;site;iOS;Moda;62.56;SP;Sim;nps_ecommerce_2026-04.csv
202604-00707;2026-04-22;2026-04;C31590;9;app;Android;Livros;83.33;SP;Sim;nps_ecommerce_2026-04.csv
202604-00710;2026-04-22;2026-04;C38085;9;app;iOS;Beleza;101.05;CE;Nao;nps_ecommerce_2026-04.csv
202604-00768;2026-04-22;2026-04;C38899;8;site;Desktop;Moda;67.09;MG;Sim;nps_ecommerce_2026-04.csv
202604-00007;2026-04-23;2026-04;C13483;5;site;iOS;Moda;97.37;BA;Nao;nps_ecommerce_2026-04.csv
202604-00009;2026-04-23;2026-04;C21073;10;site;Android;Livros;160.02;PR;Sim;nps_ecommerce_2026-04.csv
202604-00016;2026-04-23;2026-04;C19521;9;app;Desktop;Moda;695.83;SP;Sim;nps_ecommerce_2026-04.csv
202604-00017;2026-04-23;2026-04;C13781;8;site;Android;Esporte;218.53;BA;Nao;nps_ecommerce_2026-04.csv
202604-00028;2026-04-23;2026-04;C15072;8;app;Desktop;Esporte;48.51;CE;Sim;nps_ecommerce_2026-04.csv
202604-00081;2026-04-23;2026-04;C34367;9;app;Android;Eletrônicos;257.43;SP;Sim;nps_ecommerce_2026-04.csv
202604-00082;2026-04-23;2026-04;C36354;8;app;Android;Moda;67.53;PR;Nao;nps_ecommerce_2026-04.csv
202604-00109;2026-04-23;2026-04;C26980;8;app;Android;Eletrônicos;162.99;RJ;Sim;nps_ecommerce_2026-04.csv
202604-00150;2026-04-23;2026-04;C27575;10;app;iOS;Moda;100.51;MG;Nao;nps_ecommerce_2026-04.csv
202604-00161;2026-04-23;2026-04;C12322;9;app;Nao informado;Moda;271.52;SP;Nao;nps_ecommerce_2026-04.csv
202604-00214;2026-04-23;2026-04;C26940;7;site;Android;Livros;139.88;SP;Nao;nps_ecommerce_2026-04.csv
202604-00256;2026-04-23;2026-04;C29533;8;app;Android;Livros;398.03;MG;Nao;nps_ecommerce_2026-04.csv
202604-00282;2026-04-23;2026-04;C12623;8;app;Android;Mercado;77.09;CE;Nao;nps_ecommerce_2026-04.csv
202604-00286;2026-04-23;2026-04;C29583;10;app;Android;Esporte;143.06;SP;Nao;nps_ecommerce_2026-04.csv
202604-00361;2026-04-23;2026-04;C14848;6;app;Desktop;Esporte;46.26;RJ;Sim;nps_ecommerce_2026-04.csv
202604-00367;2026-04-23;2026-04;C27541;10;site;Desktop;Mercado;199.5;MG;Sim;nps_ecommerce_2026-04.csv
202604-00386;2026-04-23;2026-04;C36813;8;marketplace;Android;Esporte;61.47;CE;Sim;nps_ecommerce_2026-04.csv
202604-00453;2026-04-23;2026-04;C35847;10;site;iOS;Beleza;59.71;SP;Nao;nps_ecommerce_2026-04.csv
202604-00458;2026-04-23;2026-04;C23840;5;marketplace;Desktop;Mercado;524.62;BA;Sim;nps_ecommerce_2026-04.csv
202604-00526;2026-04-23;2026-04;C24467;8;app;Android;Mercado;426.94;RS;Sim;nps_ecommerce_2026-04.csv
202604-00529;2026-04-23;2026-04;C34734;10;app;Android;Moda;78.88;BA;Sim;nps_ecommerce_2026-04.csv
202604-00545;2026-04-23;2026-04;C23949;10;app;iOS;Eletrônicos;92.35;MG;Nao;nps_ecommerce_2026-04.csv
202604-00587;2026-04-23;2026-04;C32208;8;app;iOS;Esporte;107.55;SP;Nao;nps_ecommerce_2026-04.csv
202604-00609;2026-04-23;2026-04;C17545;6;marketplace;iOS;Beleza;336.06;PR;Nao;nps_ecommerce_2026-04.csv
202604-00651;2026-04-23;2026-04;C33807;6;site;iOS;Beleza;129.02;RJ;Nao;nps_ecommerce_2026-04.csv
202604-00690;2026-04-23;2026-04;C31812;6;site;iOS;Beleza;160.54;SP;Sim;nps_ecommerce_2026-04.csv
202604-00751;2026-04-23;2026-04;C14693;8;marketplace;iOS;Livros;69.2;PE;Nao;nps_ecommerce_2026-04.csv
202604-00752;2026-04-23;2026-04;C22194;9;marketplace;Android;Esporte;78.09;PR;Sim;nps_ecommerce_2026-04.csv
202604-00761;2026-04-23;2026-04;C25000;9;site;Desktop;Mercado;77.1;PE;Nao;nps_ecommerce_2026-04.csv
202604-00766;2026-04-23;2026-04;C14085;9;site;Android;Mercado;82.25;DF;Sim;nps_ecommerce_2026-04.csv
202604-00012;2026-04-24;2026-04;C36713;9;site;Android;Esporte;237.39;MG;Nao;nps_ecommerce_2026-04.csv
202604-00086;2026-04-24;2026-04;C17529;8;site;Android;Moda;215.08;RJ;Sim;nps_ecommerce_2026-04.csv
202604-00178;2026-04-24;2026-04;C31390;6;marketplace;Desktop;Livros;1135.89;PR;Nao;nps_ecommerce_2026-04.csv
202604-00235;2026-04-24;2026-04;C37789;9;app;Android;Beleza;439.98;RJ;Nao;nps_ecommerce_2026-04.csv
202604-00321;2026-04-24;2026-04;C14639;8;marketplace;iOS;Esporte;96.19;SP;Sim;nps_ecommerce_2026-04.csv
202604-00379;2026-04-24;2026-04;C39374;8;app;Desktop;Esporte;29.88;PE;Sim;nps_ecommerce_2026-04.csv
202604-00407;2026-04-24;2026-04;C11330;8;site;Android;Beleza;139.51;DF;Nao;nps_ecommerce_2026-04.csv
202604-00433;2026-04-24;2026-04;C13013;8;site;Android;Esporte;178.21;SP;Nao;nps_ecommerce_2026-04.csv
202604-00470;2026-04-24;2026-04;C32190;6;site;iOS;Mercado;170.97;RS;Sim;nps_ecommerce_2026-04.csv
202604-00473;2026-04-24;2026-04;C29568;6;site;iOS;Eletrônicos;169.13;PE;Sim;nps_ecommerce_2026-04.csv
202604-00480;2026-04-24;2026-04;C26098;10;marketplace;iOS;Mercado;102.22;BA;Nao;nps_ecommerce_2026-04.csv
202604-00503;2026-04-24;2026-04;C29793;10;app;Android;Beleza;279.99;RJ;Sim;nps_ecommerce_2026-04.csv
202604-00511;2026-04-24;2026-04;C28163;4;site;iOS;Beleza;75.62;SP;Nao;nps_ecommerce_2026-04.csv
202604-00515;2026-04-24;2026-04;C16298;7;app;Android;Esporte;328.87;RS;Sim;nps_ecommerce_2026-04.csv
202604-00540;2026-04-24;2026-04;C23852;8;site;iOS;Eletrônicos;76.54;RS;Nao;nps_ecommerce_2026-04.csv
202604-00557;2026-04-24;2026-04;C19089;8;site;Desktop;Livros;172.65;CE;Sim;nps_ecommerce_2026-04.csv
202604-00602;2026-04-24;2026-04;C30344;9;app;iOS;Mercado;51.09;CE;Sim;nps_ecommerce_2026-04.csv
202604-00649;2026-04-24;2026-04;C24158;3;app;Desktop;Moda;121.8;SP;Sim;nps_ecommerce_2026-04.csv
202604-00657;2026-04-24;2026-04;C22807;8;app;Android;Eletrônicos;117.31;DF;Nao;nps_ecommerce_2026-04.csv
202604-00689;2026-04-24;2026-04;C18086;8;site;iOS;Mercado;234.84;PE;Nao;nps_ecommerce_2026-04.csv
202604-00695;2026-04-24;2026-04;C16865;8;site;Android;Casa E Decoração;228.51;RS;Sim;nps_ecommerce_2026-04.csv
202604-00715;2026-04-24;2026-04;C18441;9;site;Desktop;Livros;186.56;PR;Sim;nps_ecommerce_2026-04.csv
202604-00732;2026-04-24;2026-04;C31339;6;app;Nao informado;Livros;342.81;PR;Sim;nps_ecommerce_2026-04.csv
202604-00760;2026-04-24;2026-04;C18761;8;app;Android;Casa E Decoração;169.97;SP;Sim;nps_ecommerce_2026-04.csv
202604-00767;2026-04-24;2026-04;C21306;7;site;Android;Mercado;63.52;DF;Sim;nps_ecommerce_2026-04.csv
202604-00025;2026-04-25;2026-04;C29280;10;site;Android;Mercado;169.4;BA;Sim;nps_ecommerce_2026-04.csv
202604-00054;2026-04-25;2026-04;C20009;8;app;iOS;Livros;63.23;BA;Sim;nps_ecommerce_2026-04.csv
202604-00058;2026-04-25;2026-04;C29320;10;app;iOS;Beleza;104.95;PR;Sim;nps_ecommerce_2026-04.csv
202604-00084;2026-04-25;2026-04;C16674;10;marketplace;Android;Beleza;56.13;PE;Sim;nps_ecommerce_2026-04.csv
202604-00172;2026-04-25;2026-04;C36933;6;marketplace;Desktop;Esporte;69.45;SP;Sim;nps_ecommerce_2026-04.csv
202604-00184;2026-04-25;2026-04;C24092;8;app;Desktop;Eletrônicos;297.89;RS;Sim;nps_ecommerce_2026-04.csv
202604-00190;2026-04-25;2026-04;C18475;10;app;Android;Moda;57.55;DF;Sim;nps_ecommerce_2026-04.csv
202604-00229;2026-04-25;2026-04;C19807;7;marketplace;Desktop;Mercado;138.84;RJ;Sim;nps_ecommerce_2026-04.csv
202604-00248;2026-04-25;2026-04;C38567;9;site;Desktop;Esporte;317.84;MG;Sim;nps_ecommerce_2026-04.csv
202604-00292;2026-04-25;2026-04;C22555;7;site;Android;Livros;129.67;PE;Sim;nps_ecommerce_2026-04.csv
202604-00299;2026-04-25;2026-04;C16387;10;site;Android;Moda;102.0;SP;Nao;nps_ecommerce_2026-04.csv
202604-00305;2026-04-25;2026-04;C23991;5;marketplace;Android;Mercado;91.14;RS;Nao;nps_ecommerce_2026-04.csv
202604-00348;2026-04-25;2026-04;C10407;7;app;Android;Moda;318.02;DF;Sim;nps_ecommerce_2026-04.csv
202604-00366;2026-04-25;2026-04;C37705;10;app;Android;Beleza;206.03;RS;Sim;nps_ecommerce_2026-04.csv
202604-00392;2026-04-25;2026-04;C25889;7;site;Desktop;Moda;135.19;BA;Sim;nps_ecommerce_2026-04.csv
202604-00398;2026-04-25;2026-04;C24131;6;app;iOS;Mercado;68.48;CE;Sim;nps_ecommerce_2026-04.csv
202604-00403;2026-04-25;2026-04;C27600;7;marketplace;Nao informado;Livros;80.81;MG;Sim;nps_ecommerce_2026-04.csv
202604-00447;2026-04-25;2026-04;C27211;8;site;Desktop;Moda;142.81;SP;Sim;nps_ecommerce_2026-04.csv
202604-00460;2026-04-25;2026-04;C11707;10;app;iOS;Beleza;122.09;SP;Sim;nps_ecommerce_2026-04.csv
202604-00500;2026-04-25;2026-04;C26496;3;app;Nao informado;Livros;139.67;RJ;Nao;nps_ecommerce_2026-04.csv
202604-00502;2026-04-25;2026-04;C31963;10;app;Desktop;Casa E Decoração;57.41;CE;Sim;nps_ecommerce_2026-04.csv
202604-00533;2026-04-25;2026-04;C11215;8;app;Android;Esporte;194.05;PE;Sim;nps_ecommerce_2026-04.csv
202604-00537;2026-04-25;2026-04;C16464;5;site;iOS;Esporte;94.64;PE;Nao;nps_ecommerce_2026-04.csv
202604-00604;2026-04-25;2026-04;C14771;6;site;iOS;Casa E Decoração;124.78;DF;Nao;nps_ecommerce_2026-04.csv
202604-00632;2026-04-25;2026-04;C14891;9;app;iOS;Livros;97.57;DF;Sim;nps_ecommerce_2026-04.csv
202604-00637;2026-04-25;2026-04;C35514;10;app;iOS;Esporte;63.87;PE;Sim;nps_ecommerce_2026-04.csv
202604-00671;2026-04-25;2026-04;C17980;5;app;iOS;Casa E Decoração;187.5;PE;Nao;nps_ecommerce_2026-04.csv
202604-00674;2026-04-25;2026-04;C10776;6;site;Android;Casa E Decoração;25.95;RS;Sim;nps_ecommerce_2026-04.csv
202604-00694;2026-04-25;2026-04;C38717;7;site;Desktop;Eletrônicos;45.43;PE;Nao;nps_ecommerce_2026-04.csv
202604-00703;2026-04-25;2026-04;C18710;9;app;Android;Casa E Decoração;46.67;DF;Nao;nps_ecommerce_2026-04.csv
202604-00730;2026-04-25;2026-04;C35928;7;app;Desktop;Mercado;132.49;BA;Nao;nps_ecommerce_2026-04.csv
202604-00736;2026-04-25;2026-04;C32668;10;site;Android;Eletrônicos;395.25;PE;Nao;nps_ecommerce_2026-04.csv
202604-00755;2026-04-25;2026-04;C18953;7;app;Android;Casa E Decoração;105.9;BA;Sim;nps_ecommerce_2026-04.csv
202604-00044;2026-04-26;2026-04;C36131;3;app;iOS;Livros;233.7;PE;Sim;nps_ecommerce_2026-04.csv
202604-00052;2026-04-26;2026-04;C20365;8;site;iOS;Casa E Decoração;61.49;BA;Sim;nps_ecommerce_2026-04.csv
202604-00087;2026-04-26;2026-04;C21089;10;app;Android;Livros;80.79;PE;Sim;nps_ecommerce_2026-04.csv
202604-00088;2026-04-26;2026-04;C12984;8;app;Android;Esporte;148.09;SP;Nao;nps_ecommerce_2026-04.csv
202604-00100;2026-04-26;2026-04;C20345;10;site;Android;Esporte;194.65;PR;Sim;nps_ecommerce_2026-04.csv
202604-00134;2026-04-26;2026-04;C19598;10;app;Android;Esporte;357.91;PE;Nao;nps_ecommerce_2026-04.csv
202604-00137;2026-04-26;2026-04;C18808;9;app;Desktop;Moda;109.58;DF;Sim;nps_ecommerce_2026-04.csv
202604-00151;2026-04-26;2026-04;C39222;7;marketplace;iOS;Livros;72.02;BA;Nao;nps_ecommerce_2026-04.csv
202604-00232;2026-04-26;2026-04;C33160;10;app;Android;Casa E Decoração;186.93;SP;Nao;nps_ecommerce_2026-04.csv
202604-00242;2026-04-26;2026-04;C39098;9;app;iOS;Moda;274.05;BA;Nao;nps_ecommerce_2026-04.csv
202604-00284;2026-04-26;2026-04;C28993;5;site;iOS;Casa E Decoração;326.25;DF;Sim;nps_ecommerce_2026-04.csv
202604-00318;2026-04-26;2026-04;C27712;8;app;Android;Mercado;93.78;RJ;Nao;nps_ecommerce_2026-04.csv
202604-00334;2026-04-26;2026-04;C14889;3;app;Desktop;Beleza;99.46;RJ;Nao;nps_ecommerce_2026-04.csv
202604-00425;2026-04-26;2026-04;C34315;7;site;Android;Livros;185.35;BA;Nao;nps_ecommerce_2026-04.csv
202604-00434;2026-04-26;2026-04;C27401;6;app;iOS;Mercado;265.08;SP;Sim;nps_ecommerce_2026-04.csv
202604-00438;2026-04-26;2026-04;C30133;8;app;Desktop;Esporte;81.33;DF;Sim;nps_ecommerce_2026-04.csv
202604-00454;2026-04-26;2026-04;C32454;6;site;Desktop;Mercado;50.39;BA;Nao;nps_ecommerce_2026-04.csv
202604-00489;2026-04-26;2026-04;C31090;8;app;Android;Livros;62.32;SP;Sim;nps_ecommerce_2026-04.csv
202604-00492;2026-04-26;2026-04;C24167;10;app;Desktop;Livros;40.65;CE;Sim;nps_ecommerce_2026-04.csv
202604-00524;2026-04-26;2026-04;C24979;9;site;Android;Eletrônicos;106.89;CE;Sim;nps_ecommerce_2026-04.csv
202604-00531;2026-04-26;2026-04;C32354;8;marketplace;iOS;Moda;209.61;DF;Sim;nps_ecommerce_2026-04.csv
202604-00554;2026-04-26;2026-04;C22363;7;site;Android;Esporte;36.78;BA;Sim;nps_ecommerce_2026-04.csv
202604-00560;2026-04-26;2026-04;C16743;6;marketplace;Android;Esporte;145.79;RS;Nao;nps_ecommerce_2026-04.csv
202604-00593;2026-04-26;2026-04;C10787;7;app;Android;Casa E Decoração;146.12;PE;Nao;nps_ecommerce_2026-04.csv
202604-00615;2026-04-26;2026-04;C22201;8;app;Desktop;Mercado;31.7;BA;Nao;nps_ecommerce_2026-04.csv
202604-00618;2026-04-26;2026-04;C14868;4;marketplace;iOS;Mercado;214.7;RS;Nao;nps_ecommerce_2026-04.csv
202604-00739;2026-04-26;2026-04;C29427;8;app;Android;Livros;154.41;RJ;Nao;nps_ecommerce_2026-04.csv
202604-00029;2026-04-27;2026-04;C31688;5;site;Android;Esporte;98.13;SP;Nao;nps_ecommerce_2026-04.csv
202604-00035;2026-04-27;2026-04;C35247;6;app;Desktop;Beleza;184.92;DF;Nao;nps_ecommerce_2026-04.csv
202604-00104;2026-04-27;2026-04;C18182;10;app;Android;Mercado;160.18;PR;Sim;nps_ecommerce_2026-04.csv
202604-00113;2026-04-27;2026-04;C13272;7;marketplace;Desktop;Esporte;233.41;PR;Nao;nps_ecommerce_2026-04.csv
202604-00157;2026-04-27;2026-04;C22697;8;site;Android;Mercado;47.01;DF;Sim;nps_ecommerce_2026-04.csv
202604-00163;2026-04-27;2026-04;C30215;8;site;iOS;Eletrônicos;197.39;SP;Nao;nps_ecommerce_2026-04.csv
202604-00241;2026-04-27;2026-04;C27074;7;marketplace;Android;Casa E Decoração;107.97;SP;Sim;nps_ecommerce_2026-04.csv
202604-00265;2026-04-27;2026-04;C32742;9;app;Android;Beleza;310.54;PR;Nao;nps_ecommerce_2026-04.csv
202604-00276;2026-04-27;2026-04;C23671;7;site;Desktop;Livros;134.66;BA;Sim;nps_ecommerce_2026-04.csv
202604-00300;2026-04-27;2026-04;C12226;8;site;Nao informado;Eletrônicos;145.8;SP;Sim;nps_ecommerce_2026-04.csv
202604-00323;2026-04-27;2026-04;C29367;8;app;Desktop;Eletrônicos;166.23;MG;Nao;nps_ecommerce_2026-04.csv
202604-00395;2026-04-27;2026-04;C24481;7;site;Android;Mercado;135.45;MG;Nao;nps_ecommerce_2026-04.csv
202604-00409;2026-04-27;2026-04;C36294;10;app;Android;Moda;282.23;RJ;Sim;nps_ecommerce_2026-04.csv
202604-00452;2026-04-27;2026-04;C20098;9;app;Nao informado;Esporte;269.91;BA;Sim;nps_ecommerce_2026-04.csv
202604-00468;2026-04-27;2026-04;C32072;8;site;iOS;Moda;76.45;CE;Sim;nps_ecommerce_2026-04.csv
202604-00493;2026-04-27;2026-04;C22040;10;app;Android;Beleza;130.72;RJ;Nao;nps_ecommerce_2026-04.csv
202604-00501;2026-04-27;2026-04;C22876;9;app;Android;Livros;161.26;MG;Nao;nps_ecommerce_2026-04.csv
202604-00631;2026-04-27;2026-04;C21358;8;site;Android;Beleza;982.09;RS;Sim;nps_ecommerce_2026-04.csv
202604-00656;2026-04-27;2026-04;C15287;8;app;iOS;Eletrônicos;44.08;RS;Sim;nps_ecommerce_2026-04.csv
202604-00659;2026-04-27;2026-04;C30800;10;app;Android;Livros;244.15;SP;Sim;nps_ecommerce_2026-04.csv
202604-00678;2026-04-27;2026-04;C36058;10;app;iOS;Eletrônicos;194.0;DF;Nao;nps_ecommerce_2026-04.csv
202604-00693;2026-04-27;2026-04;C23987;5;marketplace;iOS;Esporte;70.15;MG;Nao;nps_ecommerce_2026-04.csv
202604-00723;2026-04-27;2026-04;C17173;9;app;Android;Esporte;252.54;RS;Nao;nps_ecommerce_2026-04.csv
202604-00015;2026-04-28;2026-04;C20286;5;site;Desktop;Livros;26.92;DF;Sim;nps_ecommerce_2026-04.csv
202604-00048;2026-04-28;2026-04;C11782;7;app;Desktop;Esporte;19.81;SP;Nao;nps_ecommerce_2026-04.csv
202604-00078;2026-04-28;2026-04;C11423;6;site;Android;Mercado;232.64;BA;Nao;nps_ecommerce_2026-04.csv
202604-00099;2026-04-28;2026-04;C10896;9;site;iOS;Beleza;158.67;SP;Sim;nps_ecommerce_2026-04.csv
202604-00121;2026-04-28;2026-04;C15491;10;app;Desktop;Beleza;82.61;MG;Nao;nps_ecommerce_2026-04.csv
202604-00154;2026-04-28;2026-04;C28170;9;app;Android;Beleza;174.37;SP;Nao;nps_ecommerce_2026-04.csv
202604-00194;2026-04-28;2026-04;C29565;6;marketplace;iOS;Esporte;242.26;CE;Nao;nps_ecommerce_2026-04.csv
202604-00209;2026-04-28;2026-04;C30219;10;app;iOS;Beleza;352.45;CE;Sim;nps_ecommerce_2026-04.csv
202604-00220;2026-04-28;2026-04;C31611;8;marketplace;iOS;Moda;137.79;SP;Sim;nps_ecommerce_2026-04.csv
202604-00223;2026-04-28;2026-04;C26339;9;app;iOS;Beleza;102.63;CE;Sim;nps_ecommerce_2026-04.csv
202604-00240;2026-04-28;2026-04;C27595;10;app;Android;Mercado;402.39;CE;Nao;nps_ecommerce_2026-04.csv
202604-00244;2026-04-28;2026-04;C35635;10;app;Android;Casa E Decoração;172.56;RJ;Sim;nps_ecommerce_2026-04.csv
202604-00250;2026-04-28;2026-04;C12853;10;marketplace;Desktop;Eletrônicos;305.04;SP;Nao;nps_ecommerce_2026-04.csv
202604-00289;2026-04-28;2026-04;C18419;5;site;Nao informado;Eletrônicos;131.1;RS;Sim;nps_ecommerce_2026-04.csv
202604-00291;2026-04-28;2026-04;C11084;8;app;iOS;Moda;32.55;DF;Sim;nps_ecommerce_2026-04.csv
202604-00297;2026-04-28;2026-04;C24148;4;marketplace;Android;Casa E Decoração;231.23;BA;Nao;nps_ecommerce_2026-04.csv
202604-00312;2026-04-28;2026-04;C33847;6;app;Android;Esporte;80.26;PE;Sim;nps_ecommerce_2026-04.csv
202604-00344;2026-04-28;2026-04;C17092;8;marketplace;Desktop;Casa E Decoração;119.05;CE;Sim;nps_ecommerce_2026-04.csv
202604-00350;2026-04-28;2026-04;C28690;10;app;iOS;Beleza;142.06;CE;Nao;nps_ecommerce_2026-04.csv
202604-00404;2026-04-28;2026-04;C33191;2;marketplace;Android;Moda;110.61;DF;Nao;nps_ecommerce_2026-04.csv
202604-00420;2026-04-28;2026-04;C22331;5;app;iOS;Moda;215.41;BA;Nao;nps_ecommerce_2026-04.csv
202604-00437;2026-04-28;2026-04;C16112;9;site;iOS;Mercado;183.88;DF;Nao;nps_ecommerce_2026-04.csv
202604-00457;2026-04-28;2026-04;C12624;7;site;Desktop;Beleza;135.13;RS;Nao;nps_ecommerce_2026-04.csv
202604-00462;2026-04-28;2026-04;C29464;7;site;Android;Casa E Decoração;317.66;MG;Nao;nps_ecommerce_2026-04.csv
202604-00598;2026-04-28;2026-04;C22499;9;site;Android;Beleza;344.15;RS;Sim;nps_ecommerce_2026-04.csv
202604-00635;2026-04-28;2026-04;C28299;10;app;iOS;Mercado;55.06;CE;Sim;nps_ecommerce_2026-04.csv
202604-00644;2026-04-28;2026-04;C16765;5;site;iOS;Beleza;81.83;PE;Nao;nps_ecommerce_2026-04.csv
202604-00654;2026-04-28;2026-04;C16370;6;app;iOS;Eletrônicos;191.67;PE;Sim;nps_ecommerce_2026-04.csv
202604-00669;2026-04-28;2026-04;C31835;7;app;iOS;Esporte;140.88;BA;Nao;nps_ecommerce_2026-04.csv
202604-00705;2026-04-28;2026-04;C20821;9;site;iOS;Mercado;188.28;BA;Nao;nps_ecommerce_2026-04.csv
202604-00711;2026-04-28;2026-04;C27041;9;site;Android;Livros;98.35;MG;Sim;nps_ecommerce_2026-04.csv
202604-00718;2026-04-28;2026-04;C24318;8;site;iOS;Eletrônicos;330.95;DF;Nao;nps_ecommerce_2026-04.csv
202604-00727;2026-04-28;2026-04;C35429;9;site;Android;Beleza;45.63;SP;Nao;nps_ecommerce_2026-04.csv
202605-00037;2026-05-01;2026-05;C35965;9;app;Desktop;Eletrônicos;141.28;SP;Nao;nps_ecommerce_2026-05.csv
202605-00041;2026-05-01;2026-05;C17427;8;app;iOS;Livros;90.29;PR;Nao;nps_ecommerce_2026-05.csv
202605-00067;2026-05-01;2026-05;C17848;8;site;Android;Eletrônicos;352.38;BA;Sim;nps_ecommerce_2026-05.csv
202605-00070;2026-05-01;2026-05;C21686;10;app;Desktop;Esporte;56.01;RS;Sim;nps_ecommerce_2026-05.csv
202605-00097;2026-05-01;2026-05;C14931;5;site;Desktop;Beleza;45.7;BA;Nao;nps_ecommerce_2026-05.csv
202605-00101;2026-05-01;2026-05;C19894;10;app;Android;Mercado;87.86;BA;Sim;nps_ecommerce_2026-05.csv
202605-00145;2026-05-01;2026-05;C17340;7;marketplace;iOS;Eletrônicos;32.82;RJ;Nao;nps_ecommerce_2026-05.csv
202605-00147;2026-05-01;2026-05;C32552;6;site;iOS;Mercado;52.11;DF;Sim;nps_ecommerce_2026-05.csv
202605-00231;2026-05-01;2026-05;C11813;6;app;Nao informado;Mercado;124.09;PR;Sim;nps_ecommerce_2026-05.csv
202605-00303;2026-05-01;2026-05;C19533;4;site;iOS;Mercado;255.89;PR;Nao;nps_ecommerce_2026-05.csv
202605-00311;2026-05-01;2026-05;C11182;7;site;Android;Esporte;79.05;PR;Sim;nps_ecommerce_2026-05.csv
202605-00320;2026-05-01;2026-05;C23020;8;app;Android;Beleza;53.51;SP;Sim;nps_ecommerce_2026-05.csv
202605-00333;2026-05-01;2026-05;C20410;5;site;iOS;Eletrônicos;84.72;CE;Sim;nps_ecommerce_2026-05.csv
202605-00383;2026-05-01;2026-05;C17264;8;app;iOS;Moda;49.13;SP;Nao;nps_ecommerce_2026-05.csv
202605-00409;2026-05-01;2026-05;C21237;7;app;iOS;Beleza;157.44;DF;Sim;nps_ecommerce_2026-05.csv
202605-00437;2026-05-01;2026-05;C17242;10;app;Android;Livros;254.72;RS;Nao;nps_ecommerce_2026-05.csv
202605-00464;2026-05-01;2026-05;C34976;3;site;iOS;Beleza;137.68;PE;Nao;nps_ecommerce_2026-05.csv
202605-00483;2026-05-01;2026-05;C23155;8;site;iOS;Mercado;82.65;PE;Nao;nps_ecommerce_2026-05.csv
202605-00502;2026-05-01;2026-05;C39124;7;site;Android;Moda;138.07;BA;Nao;nps_ecommerce_2026-05.csv
202605-00554;2026-05-01;2026-05;C26203;9;site;Android;Moda;167.96;RS;Sim;nps_ecommerce_2026-05.csv
202605-00563;2026-05-01;2026-05;C28348;7;app;Android;Casa E Decoração;230.31;MG;Nao;nps_ecommerce_2026-05.csv
202605-00578;2026-05-01;2026-05;C30384;8;site;Android;Mercado;138.95;CE;Sim;nps_ecommerce_2026-05.csv
202605-00623;2026-05-01;2026-05;C32739;6;app;Android;Moda;78.02;CE;Nao;nps_ecommerce_2026-05.csv
202605-00636;2026-05-01;2026-05;C30377;6;app;Android;Moda;328.44;CE;Nao;nps_ecommerce_2026-05.csv
202605-00640;2026-05-01;2026-05;C34072;8;app;iOS;Moda;127.82;SP;Nao;nps_ecommerce_2026-05.csv
202605-00648;2026-05-01;2026-05;C24187;10;app;iOS;Eletrônicos;93.61;RJ;Sim;nps_ecommerce_2026-05.csv
202605-00664;2026-05-01;2026-05;C26296;9;app;iOS;Mercado;113.71;PR;Nao;nps_ecommerce_2026-05.csv
202605-00691;2026-05-01;2026-05;C11719;8;app;Android;Beleza;56.65;DF;Sim;nps_ecommerce_2026-05.csv
202605-00705;2026-05-01;2026-05;C19943;7;marketplace;Android;Moda;122.24;RS;Sim;nps_ecommerce_2026-05.csv
202605-00723;2026-05-01;2026-05;C18346;7;site;Android;Moda;171.66;SP;Sim;nps_ecommerce_2026-05.csv
202605-00750;2026-05-01;2026-05;C22185;8;app;Android;Eletrônicos;96.01;PE;Nao;nps_ecommerce_2026-05.csv
202605-00778;2026-05-01;2026-05;C28143;9;site;Android;Moda;190.99;MG;Nao;nps_ecommerce_2026-05.csv
202605-00779;2026-05-01;2026-05;C15255;3;app;Android;Casa E Decoração;507.48;SP;Nao;nps_ecommerce_2026-05.csv
202605-00807;2026-05-01;2026-05;C20307;8;app;Android;Moda;82.02;BA;Nao;nps_ecommerce_2026-05.csv
202605-00809;2026-05-01;2026-05;C39507;10;app;Android;Beleza;100.41;MG;Nao;nps_ecommerce_2026-05.csv
202605-00044;2026-05-02;2026-05;C29808;5;marketplace;Android;Casa E Decoração;55.09;RJ;Sim;nps_ecommerce_2026-05.csv
202605-00054;2026-05-02;2026-05;C39863;6;marketplace;Desktop;Mercado;141.22;RJ;Sim;nps_ecommerce_2026-05.csv
202605-00056;2026-05-02;2026-05;C34477;10;app;Desktop;Livros;88.33;PR;Sim;nps_ecommerce_2026-05.csv
202605-00061;2026-05-02;2026-05;C38873;10;app;Android;Moda;87.66;MG;Sim;nps_ecommerce_2026-05.csv
202605-00089;2026-05-02;2026-05;C27861;8;app;Android;Livros;50.95;CE;Sim;nps_ecommerce_2026-05.csv
202605-00091;2026-05-02;2026-05;C16930;2;marketplace;Desktop;Livros;66.54;PR;Nao;nps_ecommerce_2026-05.csv
202605-00183;2026-05-02;2026-05;C26002;6;site;Android;Livros;308.4;RJ;Sim;nps_ecommerce_2026-05.csv
202605-00195;2026-05-02;2026-05;C18853;9;site;Android;Casa E Decoração;166.64;RJ;Sim;nps_ecommerce_2026-05.csv
202605-00237;2026-05-02;2026-05;C20293;10;app;Android;Moda;153.95;RS;Nao;nps_ecommerce_2026-05.csv
202605-00246;2026-05-02;2026-05;C27745;5;site;Desktop;Esporte;166.44;RS;Nao;nps_ecommerce_2026-05.csv
202605-00312;2026-05-02;2026-05;C15142;7;site;iOS;Livros;369.46;CE;Sim;nps_ecommerce_2026-05.csv
202605-00324;2026-05-02;2026-05;C20533;6;site;Android;Mercado;133.27;MG;Sim;nps_ecommerce_2026-05.csv
202605-00350;2026-05-02;2026-05;C32790;10;site;iOS;Eletrônicos;25.74;PE;Sim;nps_ecommerce_2026-05.csv
202605-00353;2026-05-02;2026-05;C24528;7;app;iOS;Eletrônicos;53.43;RJ;Nao;nps_ecommerce_2026-05.csv
202605-00357;2026-05-02;2026-05;C19028;8;app;Android;Beleza;51.04;CE;Sim;nps_ecommerce_2026-05.csv
202605-00365;2026-05-02;2026-05;C37352;5;site;iOS;Esporte;118.5;MG;Sim;nps_ecommerce_2026-05.csv
202605-00385;2026-05-02;2026-05;C16921;10;app;iOS;Beleza;92.08;PR;Sim;nps_ecommerce_2026-05.csv
202605-00602;2026-05-02;2026-05;C25366;4;app;iOS;Eletrônicos;210.3;DF;Nao;nps_ecommerce_2026-05.csv
202605-00638;2026-05-02;2026-05;C31279;10;app;iOS;Beleza;59.01;MG;Nao;nps_ecommerce_2026-05.csv
202605-00686;2026-05-02;2026-05;C38942;9;app;Android;Livros;146.13;SP;Sim;nps_ecommerce_2026-05.csv
202605-00694;2026-05-02;2026-05;C16843;9;app;Android;Casa E Decoração;16.47;SP;Sim;nps_ecommerce_2026-05.csv
202605-00711;2026-05-02;2026-05;C26299;3;site;Android;Moda;226.89;SP;Sim;nps_ecommerce_2026-05.csv
202605-00734;2026-05-02;2026-05;C25972;5;marketplace;iOS;Casa E Decoração;138.38;PE;Sim;nps_ecommerce_2026-05.csv
202605-00756;2026-05-02;2026-05;C38530;9;app;Android;Moda;54.19;PE;Nao;nps_ecommerce_2026-05.csv
202605-00776;2026-05-02;2026-05;C10322;4;app;Desktop;Livros;82.91;SP;Nao;nps_ecommerce_2026-05.csv
202605-00800;2026-05-02;2026-05;C25370;7;app;iOS;Mercado;25.72;MG;Nao;nps_ecommerce_2026-05.csv
202605-00008;2026-05-03;2026-05;C38323;7;app;Android;Casa E Decoração;98.51;PR;Sim;nps_ecommerce_2026-05.csv
202605-00088;2026-05-03;2026-05;C20396;6;app;Android;Moda;128.28;BA;Nao;nps_ecommerce_2026-05.csv
202605-00092;2026-05-03;2026-05;C14644;7;app;Android;Casa E Decoração;455.49;MG;Nao;nps_ecommerce_2026-05.csv
202605-00105;2026-05-03;2026-05;C31286;5;marketplace;Nao informado;Beleza;124.48;RJ;Sim;nps_ecommerce_2026-05.csv
202605-00116;2026-05-03;2026-05;C13056;4;marketplace;Nao informado;Eletrônicos;73.95;PR;Sim;nps_ecommerce_2026-05.csv
202605-00117;2026-05-03;2026-05;C28736;7;app;Android;Moda;70.2;DF;Nao;nps_ecommerce_2026-05.csv
202605-00142;2026-05-03;2026-05;C25397;10;app;Desktop;Livros;257.09;SP;Nao;nps_ecommerce_2026-05.csv
202605-00148;2026-05-03;2026-05;C18641;9;app;Android;Mercado;144.9;RS;Nao;nps_ecommerce_2026-05.csv
202605-00182;2026-05-03;2026-05;C36207;6;app;Android;Moda;96.39;RS;Nao;nps_ecommerce_2026-05.csv
202605-00192;2026-05-03;2026-05;C34767;7;marketplace;Desktop;Mercado;297.44;PE;Sim;nps_ecommerce_2026-05.csv
202605-00251;2026-05-03;2026-05;C18189;7;site;iOS;Esporte;64.53;RS;Nao;nps_ecommerce_2026-05.csv
202605-00255;2026-05-03;2026-05;C19058;6;app;Android;Eletrônicos;217.96;SP;Nao;nps_ecommerce_2026-05.csv
202605-00273;2026-05-03;2026-05;C23385;6;app;Desktop;Esporte;476.89;RJ;Nao;nps_ecommerce_2026-05.csv
202605-00314;2026-05-03;2026-05;C26531;6;marketplace;Android;Beleza;69.17;RJ;Sim;nps_ecommerce_2026-05.csv
202605-00356;2026-05-03;2026-05;C16322;10;app;Android;Livros;446.03;SP;Nao;nps_ecommerce_2026-05.csv
202605-00359;2026-05-03;2026-05;C13809;8;site;iOS;Eletrônicos;68.81;CE;Sim;nps_ecommerce_2026-05.csv
202605-00411;2026-05-03;2026-05;C30689;7;app;Desktop;Eletrônicos;106.93;SP;Sim;nps_ecommerce_2026-05.csv
202605-00422;2026-05-03;2026-05;C29646;8;site;Android;Eletrônicos;151.21;DF;Nao;nps_ecommerce_2026-05.csv
202605-00504;2026-05-03;2026-05;C23758;6;app;iOS;Beleza;170.94;PR;Nao;nps_ecommerce_2026-05.csv
202605-00516;2026-05-03;2026-05;C35623;6;site;Android;Esporte;171.67;RS;Sim;nps_ecommerce_2026-05.csv
202605-00564;2026-05-03;2026-05;C32348;7;marketplace;Desktop;Casa E Decoração;163.98;MG;Nao;nps_ecommerce_2026-05.csv
202605-00586;2026-05-03;2026-05;C26071;5;app;Nao informado;Eletrônicos;87.37;PE;Nao;nps_ecommerce_2026-05.csv
202605-00599;2026-05-03;2026-05;C16008;7;app;iOS;Livros;197.81;CE;Nao;nps_ecommerce_2026-05.csv
202605-00646;2026-05-03;2026-05;C15119;9;marketplace;Desktop;Beleza;70.52;SP;Nao;nps_ecommerce_2026-05.csv
202605-00655;2026-05-03;2026-05;C12019;6;app;iOS;Livros;387.36;MG;Sim;nps_ecommerce_2026-05.csv
202605-00656;2026-05-03;2026-05;C32086;7;site;Android;Eletrônicos;121.71;PE;Sim;nps_ecommerce_2026-05.csv
202605-00704;2026-05-03;2026-05;C30197;10;site;iOS;Eletrônicos;163.01;PR;Sim;nps_ecommerce_2026-05.csv
202605-00709;2026-05-03;2026-05;C33750;10;app;Desktop;Esporte;95.29;RJ;Nao;nps_ecommerce_2026-05.csv
202605-00719;2026-05-03;2026-05;C29731;6;app;iOS;Casa E Decoração;329.36;PE;Nao;nps_ecommerce_2026-05.csv
202605-00759;2026-05-03;2026-05;C28405;4;site;Desktop;Moda;172.82;PE;Sim;nps_ecommerce_2026-05.csv
202605-00792;2026-05-03;2026-05;C33170;6;app;iOS;Livros;155.09;PR;Sim;nps_ecommerce_2026-05.csv
202605-00040;2026-05-04;2026-05;C27846;7;app;Android;Mercado;148.58;SP;Nao;nps_ecommerce_2026-05.csv
202605-00043;2026-05-04;2026-05;C19234;3;marketplace;Android;Eletrônicos;205.49;PR;Nao;nps_ecommerce_2026-05.csv
202605-00072;2026-05-04;2026-05;C26455;7;app;iOS;Esporte;58.0;DF;Nao;nps_ecommerce_2026-05.csv
202605-00099;2026-05-04;2026-05;C11195;4;site;Desktop;Beleza;16.73;SP;Sim;nps_ecommerce_2026-05.csv
202605-00127;2026-05-04;2026-05;C39444;8;app;iOS;Moda;380.81;BA;Sim;nps_ecommerce_2026-05.csv
202605-00190;2026-05-04;2026-05;C14541;6;site;Android;Esporte;165.03;PE;Nao;nps_ecommerce_2026-05.csv
202605-00202;2026-05-04;2026-05;C24167;9;marketplace;iOS;Moda;197.68;SP;Sim;nps_ecommerce_2026-05.csv
202605-00222;2026-05-04;2026-05;C13864;5;site;iOS;Esporte;276.15;RS;Nao;nps_ecommerce_2026-05.csv
202605-00230;2026-05-04;2026-05;C11166;8;app;iOS;Casa E Decoração;179.08;SP;Nao;nps_ecommerce_2026-05.csv
202605-00278;2026-05-04;2026-05;C33664;4;site;Android;Casa E Decoração;59.33;SP;Nao;nps_ecommerce_2026-05.csv
202605-00300;2026-05-04;2026-05;C17173;5;site;Desktop;Mercado;83.72;RS;Nao;nps_ecommerce_2026-05.csv
202605-00407;2026-05-04;2026-05;C17252;7;app;Android;Moda;204.57;BA;Sim;nps_ecommerce_2026-05.csv
202605-00415;2026-05-04;2026-05;C22967;9;app;Desktop;Esporte;89.86;RJ;Nao;nps_ecommerce_2026-05.csv
202605-00430;2026-05-04;2026-05;C33455;9;marketplace;Android;Esporte;114.59;DF;Sim;nps_ecommerce_2026-05.csv
202605-00489;2026-05-04;2026-05;C37333;8;app;iOS;Mercado;140.96;CE;Sim;nps_ecommerce_2026-05.csv
202605-00542;2026-05-04;2026-05;C19577;10;app;Desktop;Livros;62.82;BA;Nao;nps_ecommerce_2026-05.csv
202605-00547;2026-05-04;2026-05;C39955;10;app;Android;Casa E Decoração;67.26;RS;Nao;nps_ecommerce_2026-05.csv
202605-00610;2026-05-04;2026-05;C32423;8;app;Android;Esporte;75.02;MG;Sim;nps_ecommerce_2026-05.csv
202605-00611;2026-05-04;2026-05;C38082;8;site;Android;Esporte;207.7;SP;Sim;nps_ecommerce_2026-05.csv
202605-00621;2026-05-04;2026-05;C27787;9;app;iOS;Mercado;147.74;CE;Nao;nps_ecommerce_2026-05.csv
202605-00631;2026-05-04;2026-05;C31753;8;site;Desktop;Eletrônicos;74.53;PR;Sim;nps_ecommerce_2026-05.csv
202605-00682;2026-05-04;2026-05;C18963;5;site;iOS;Esporte;80.69;BA;Nao;nps_ecommerce_2026-05.csv
202605-00708;2026-05-04;2026-05;C30863;5;app;Android;Eletrônicos;53.22;PR;Nao;nps_ecommerce_2026-05.csv
202605-00730;2026-05-04;2026-05;C23825;8;app;Android;Eletrônicos;156.77;CE;Nao;nps_ecommerce_2026-05.csv
202605-00774;2026-05-04;2026-05;C21840;7;app;Desktop;Eletrônicos;124.3;MG;Sim;nps_ecommerce_2026-05.csv
202605-00781;2026-05-04;2026-05;C10103;7;marketplace;iOS;Esporte;137.46;RS;Nao;nps_ecommerce_2026-05.csv
202605-00782;2026-05-04;2026-05;C37763;7;app;Android;Beleza;139.57;PR;Sim;nps_ecommerce_2026-05.csv
202605-00039;2026-05-05;2026-05;C17989;4;app;Android;Livros;406.38;CE;Sim;nps_ecommerce_2026-05.csv
202605-00050;2026-05-05;2026-05;C36284;7;site;Desktop;Beleza;301.0;BA;Nao;nps_ecommerce_2026-05.csv
202605-00078;2026-05-05;2026-05;C35110;10;app;Android;Mercado;130.85;SP;Sim;nps_ecommerce_2026-05.csv
202605-00141;2026-05-05;2026-05;C37578;5;marketplace;iOS;Esporte;221.16;RS;Sim;nps_ecommerce_2026-05.csv
202605-00149;2026-05-05;2026-05;C29118;8;app;iOS;Mercado;71.59;MG;Sim;nps_ecommerce_2026-05.csv
202605-00185;2026-05-05;2026-05;C34020;8;marketplace;Android;Eletrônicos;437.35;RS;Nao;nps_ecommerce_2026-05.csv
202605-00193;2026-05-05;2026-05;C30345;5;site;Android;Casa E Decoração;75.65;BA;Sim;nps_ecommerce_2026-05.csv
202605-00194;2026-05-05;2026-05;C23203;6;site;Android;Mercado;217.27;PE;Nao;nps_ecommerce_2026-05.csv
202605-00197;2026-05-05;2026-05;C28417;10;site;Android;Moda;352.93;DF;Sim;nps_ecommerce_2026-05.csv
202605-00276;2026-05-05;2026-05;C26872;7;site;Desktop;Beleza;52.63;RJ;Nao;nps_ecommerce_2026-05.csv
202605-00286;2026-05-05;2026-05;C13144;3;marketplace;Desktop;Mercado;69.27;RS;Sim;nps_ecommerce_2026-05.csv
202605-00321;2026-05-05;2026-05;C36531;10;site;iOS;Esporte;458.57;BA;Sim;nps_ecommerce_2026-05.csv
202605-00379;2026-05-05;2026-05;C32436;6;app;Android;Eletrônicos;77.73;PR;Nao;nps_ecommerce_2026-05.csv
202605-00439;2026-05-05;2026-05;C29904;7;app;Android;Livros;153.37;MG;Sim;nps_ecommerce_2026-05.csv
202605-00449;2026-05-05;2026-05;C27123;10;site;iOS;Moda;611.27;RJ;Nao;nps_ecommerce_2026-05.csv
202605-00506;2026-05-05;2026-05;C20580;7;app;Android;Esporte;83.95;RS;Sim;nps_ecommerce_2026-05.csv
202605-00526;2026-05-05;2026-05;C14711;5;app;iOS;Mercado;135.7;PE;Sim;nps_ecommerce_2026-05.csv
202605-00528;2026-05-05;2026-05;C39249;6;app;Android;Esporte;279.87;RS;Sim;nps_ecommerce_2026-05.csv
202605-00560;2026-05-05;2026-05;C13166;6;site;Android;Esporte;70.75;SP;Nao;nps_ecommerce_2026-05.csv
202605-00582;2026-05-05;2026-05;C17846;10;app;Android;Mercado;55.34;BA;Nao;nps_ecommerce_2026-05.csv
202605-00598;2026-05-05;2026-05;C31723;8;app;iOS;Eletrônicos;81.01;CE;Sim;nps_ecommerce_2026-05.csv
202605-00605;2026-05-05;2026-05;C21185;10;app;iOS;Moda;213.04;SP;Nao;nps_ecommerce_2026-05.csv
202605-00642;2026-05-05;2026-05;C21345;10;app;Android;Beleza;225.95;BA;Nao;nps_ecommerce_2026-05.csv
202605-00680;2026-05-05;2026-05;C19702;10;app;Nao informado;Livros;95.58;PR;Nao;nps_ecommerce_2026-05.csv
202605-00683;2026-05-05;2026-05;C20577;7;app;iOS;Mercado;156.28;SP;Nao;nps_ecommerce_2026-05.csv
202605-00684;2026-05-05;2026-05;C20330;10;site;Android;Eletrônicos;73.61;BA;Nao;nps_ecommerce_2026-05.csv
202605-00687;2026-05-05;2026-05;C14966;10;app;iOS;Livros;22.23;RJ;Sim;nps_ecommerce_2026-05.csv
202605-00692;2026-05-05;2026-05;C38523;6;app;iOS;Beleza;61.63;PR;Nao;nps_ecommerce_2026-05.csv
202605-00717;2026-05-05;2026-05;C20509;8;site;iOS;Moda;56.59;DF;Nao;nps_ecommerce_2026-05.csv
202605-00726;2026-05-05;2026-05;C37339;8;app;Android;Livros;84.22;CE;Sim;nps_ecommerce_2026-05.csv
202605-00032;2026-05-06;2026-05;C36725;7;app;iOS;Beleza;167.4;CE;Sim;nps_ecommerce_2026-05.csv
202605-00063;2026-05-06;2026-05;C18907;8;site;Android;Moda;54.41;PE;Sim;nps_ecommerce_2026-05.csv
202605-00080;2026-05-06;2026-05;C33286;9;app;iOS;Beleza;139.75;RJ;Nao;nps_ecommerce_2026-05.csv
202605-00118;2026-05-06;2026-05;C17855;10;site;iOS;Moda;66.7;BA;Sim;nps_ecommerce_2026-05.csv
202605-00121;2026-05-06;2026-05;C13040;9;app;Desktop;Mercado;96.25;RS;Sim;nps_ecommerce_2026-05.csv
202605-00124;2026-05-06;2026-05;C31615;10;app;Android;Eletrônicos;123.09;SP;Sim;nps_ecommerce_2026-05.csv
202605-00134;2026-05-06;2026-05;C36510;8;app;Android;Casa E Decoração;285.23;RJ;Sim;nps_ecommerce_2026-05.csv
202605-00168;2026-05-06;2026-05;C16138;6;app;Android;Eletrônicos;38.79;RJ;Nao;nps_ecommerce_2026-05.csv
202605-00169;2026-05-06;2026-05;C18645;5;app;iOS;Mercado;131.18;SP;Sim;nps_ecommerce_2026-05.csv
202605-00178;2026-05-06;2026-05;C18693;4;marketplace;iOS;Casa E Decoração;71.76;DF;Nao;nps_ecommerce_2026-05.csv
202605-00274;2026-05-06;2026-05;C38718;6;site;iOS;Beleza;137.61;PR;Nao;nps_ecommerce_2026-05.csv
202605-00335;2026-05-06;2026-05;C12187;5;site;Android;Moda;39.71;SP;Nao;nps_ecommerce_2026-05.csv
202605-00371;2026-05-06;2026-05;C39922;8;app;iOS;Esporte;71.54;RJ;Sim;nps_ecommerce_2026-05.csv
202605-00425;2026-05-06;2026-05;C25472;8;app;Desktop;Casa E Decoração;154.02;PR;Sim;nps_ecommerce_2026-05.csv
202605-00448;2026-05-06;2026-05;C11318;10;app;iOS;Casa E Decoração;108.78;CE;Sim;nps_ecommerce_2026-05.csv
202605-00468;2026-05-06;2026-05;C20665;7;app;Desktop;Esporte;30.62;PR;Nao;nps_ecommerce_2026-05.csv
202605-00497;2026-05-06;2026-05;C28500;6;app;Nao informado;Esporte;130.11;PR;Sim;nps_ecommerce_2026-05.csv
202605-00512;2026-05-06;2026-05;C23001;9;site;Android;Beleza;46.52;PR;Nao;nps_ecommerce_2026-05.csv
202605-00549;2026-05-06;2026-05;C20576;6;marketplace;Nao informado;Moda;178.36;MG;Nao;nps_ecommerce_2026-05.csv
202605-00685;2026-05-06;2026-05;C20702;6;site;Android;Livros;116.26;PE;Nao;nps_ecommerce_2026-05.csv
202605-00690;2026-05-06;2026-05;C13776;1;site;Desktop;Moda;181.24;CE;Sim;nps_ecommerce_2026-05.csv
202605-00769;2026-05-06;2026-05;C39074;8;app;Android;Moda;96.85;BA;Nao;nps_ecommerce_2026-05.csv
202605-00786;2026-05-06;2026-05;C35823;8;site;iOS;Casa E Decoração;215.71;PE;Nao;nps_ecommerce_2026-05.csv
202605-00014;2026-05-07;2026-05;C29147;7;app;Desktop;Moda;67.62;RS;Sim;nps_ecommerce_2026-05.csv
202605-00015;2026-05-07;2026-05;C33090;7;app;iOS;Esporte;83.31;PR;Nao;nps_ecommerce_2026-05.csv
202605-00038;2026-05-07;2026-05;C14562;7;marketplace;Android;Beleza;1897.64;RJ;Sim;nps_ecommerce_2026-05.csv
202605-00053;2026-05-07;2026-05;C37872;8;app;Nao informado;Esporte;144.98;SP;Nao;nps_ecommerce_2026-05.csv
202605-00068;2026-05-07;2026-05;C28077;5;site;Desktop;Moda;412.88;RS;Nao;nps_ecommerce_2026-05.csv
202605-00074;2026-05-07;2026-05;C36459;7;marketplace;iOS;Livros;81.51;PR;Sim;nps_ecommerce_2026-05.csv
202605-00093;2026-05-07;2026-05;C31942;7;marketplace;iOS;Eletrônicos;47.71;DF;Sim;nps_ecommerce_2026-05.csv
202605-00096;2026-05-07;2026-05;C12549;7;site;Android;Moda;307.37;SP;Nao;nps_ecommerce_2026-05.csv
202605-00107;2026-05-07;2026-05;C17303;8;site;Android;Eletrônicos;61.09;PE;Sim;nps_ecommerce_2026-05.csv
202605-00137;2026-05-07;2026-05;C27277;8;app;Android;Livros;163.0;SP;Sim;nps_ecommerce_2026-05.csv
202605-00177;2026-05-07;2026-05;C22379;5;app;Desktop;Livros;209.19;RJ;Nao;nps_ecommerce_2026-05.csv
202605-00203;2026-05-07;2026-05;C25602;8;app;iOS;Eletrônicos;60.85;DF;Nao;nps_ecommerce_2026-05.csv
202605-00242;2026-05-07;2026-05;C14022;8;app;Desktop;Moda;59.26;DF;Sim;nps_ecommerce_2026-05.csv
202605-00297;2026-05-07;2026-05;C33264;10;app;Android;Casa E Decoração;67.87;SP;Nao;nps_ecommerce_2026-05.csv
202605-00309;2026-05-07;2026-05;C21865;8;site;Desktop;Mercado;49.73;DF;Nao;nps_ecommerce_2026-05.csv
202605-00334;2026-05-07;2026-05;C32742;10;app;Android;Eletrônicos;193.53;PR;Sim;nps_ecommerce_2026-05.csv
202605-00348;2026-05-07;2026-05;C24486;9;app;iOS;Esporte;169.49;SP;Nao;nps_ecommerce_2026-05.csv
202605-00406;2026-05-07;2026-05;C10613;9;app;Android;Casa E Decoração;77.94;PE;Nao;nps_ecommerce_2026-05.csv
202605-00410;2026-05-07;2026-05;C27440;8;app;Android;Casa E Decoração;167.41;CE;Nao;nps_ecommerce_2026-05.csv
202605-00426;2026-05-07;2026-05;C28926;10;app;iOS;Esporte;223.77;SP;Nao;nps_ecommerce_2026-05.csv
202605-00486;2026-05-07;2026-05;C20108;9;app;iOS;Esporte;91.04;MG;Sim;nps_ecommerce_2026-05.csv
202605-00507;2026-05-07;2026-05;C14123;10;app;iOS;Moda;44.88;SP;Sim;nps_ecommerce_2026-05.csv
202605-00519;2026-05-07;2026-05;C14643;4;site;iOS;Eletrônicos;183.82;DF;Sim;nps_ecommerce_2026-05.csv
202605-00548;2026-05-07;2026-05;C18673;4;site;Android;Casa E Decoração;113.94;PE;Nao;nps_ecommerce_2026-05.csv
202605-00580;2026-05-07;2026-05;C29775;7;marketplace;Android;Casa E Decoração;58.28;CE;Nao;nps_ecommerce_2026-05.csv
202605-00588;2026-05-07;2026-05;C12922;3;site;Android;Esporte;123.96;SP;Sim;nps_ecommerce_2026-05.csv
202605-00591;2026-05-07;2026-05;C13232;5;site;iOS;Moda;118.89;SP;Nao;nps_ecommerce_2026-05.csv
202605-00617;2026-05-07;2026-05;C23297;8;site;Android;Livros;139.27;BA;Nao;nps_ecommerce_2026-05.csv
202605-00628;2026-05-07;2026-05;C20078;7;app;Android;Casa E Decoração;131.53;MG;Nao;nps_ecommerce_2026-05.csv
202605-00649;2026-05-07;2026-05;C25599;7;app;Android;Beleza;32.36;DF;Sim;nps_ecommerce_2026-05.csv
202605-00652;2026-05-07;2026-05;C16129;9;site;Android;Moda;140.52;RJ;Sim;nps_ecommerce_2026-05.csv
202605-00663;2026-05-07;2026-05;C13107;5;app;Nao informado;Beleza;19.27;MG;Sim;nps_ecommerce_2026-05.csv
202605-00701;2026-05-07;2026-05;C26747;2;site;Nao informado;Eletrônicos;219.5;RS;Sim;nps_ecommerce_2026-05.csv
202605-00702;2026-05-07;2026-05;C26370;7;site;Android;Casa E Decoração;277.26;BA;Nao;nps_ecommerce_2026-05.csv
202605-00731;2026-05-07;2026-05;C19954;10;app;Android;Beleza;42.17;BA;Sim;nps_ecommerce_2026-05.csv
202605-00765;2026-05-07;2026-05;C21420;4;marketplace;iOS;Casa E Decoração;82.06;SP;Nao;nps_ecommerce_2026-05.csv
202605-00767;2026-05-07;2026-05;C32515;7;site;Android;Esporte;37.67;RS;Nao;nps_ecommerce_2026-05.csv
202605-00813;2026-05-07;2026-05;C20169;4;app;iOS;Eletrônicos;71.31;BA;Sim;nps_ecommerce_2026-05.csv
202605-00004;2026-05-08;2026-05;C30237;10;app;Android;Moda;116.35;PE;Nao;nps_ecommerce_2026-05.csv
202605-00064;2026-05-08;2026-05;C22854;8;app;Android;Esporte;14.97;SP;Sim;nps_ecommerce_2026-05.csv
202605-00077;2026-05-08;2026-05;C16842;4;marketplace;Android;Moda;488.38;PE;Nao;nps_ecommerce_2026-05.csv
202605-00146;2026-05-08;2026-05;C15576;4;marketplace;Android;Mercado;99.66;PE;Nao;nps_ecommerce_2026-05.csv
202605-00163;2026-05-08;2026-05;C13774;8;site;iOS;Casa E Decoração;168.85;RJ;Sim;nps_ecommerce_2026-05.csv
202605-00212;2026-05-08;2026-05;C13163;5;app;Android;Livros;254.96;MG;Nao;nps_ecommerce_2026-05.csv
202605-00235;2026-05-08;2026-05;C23535;7;app;Desktop;Mercado;99.32;SP;Sim;nps_ecommerce_2026-05.csv
202605-00257;2026-05-08;2026-05;C13750;9;marketplace;iOS;Esporte;181.61;SP;Nao;nps_ecommerce_2026-05.csv
202605-00271;2026-05-08;2026-05;C28656;6;app;Desktop;Esporte;37.29;PE;Sim;nps_ecommerce_2026-05.csv
202605-00277;2026-05-08;2026-05;C33330;10;app;iOS;Mercado;430.54;DF;Nao;nps_ecommerce_2026-05.csv
202605-00282;2026-05-08;2026-05;C19743;7;marketplace;iOS;Esporte;249.36;RJ;Nao;nps_ecommerce_2026-05.csv
202605-00294;2026-05-08;2026-05;C14485;8;marketplace;Desktop;Moda;132.73;SP;Sim;nps_ecommerce_2026-05.csv
202605-00306;2026-05-08;2026-05;C28759;9;app;Android;Mercado;311.8;PE;Sim;nps_ecommerce_2026-05.csv
202605-00363;2026-05-08;2026-05;C37370;10;site;Desktop;Moda;151.29;PE;Nao;nps_ecommerce_2026-05.csv
202605-00399;2026-05-08;2026-05;C37052;4;marketplace;Desktop;Mercado;99.59;SP;Nao;nps_ecommerce_2026-05.csv
202605-00428;2026-05-08;2026-05;C25145;6;marketplace;iOS;Livros;127.87;MG;Sim;nps_ecommerce_2026-05.csv
202605-00447;2026-05-08;2026-05;C18018;8;app;Android;Livros;27.31;DF;Sim;nps_ecommerce_2026-05.csv
202605-00455;2026-05-08;2026-05;C21178;6;app;Android;Casa E Decoração;24.02;DF;Nao;nps_ecommerce_2026-05.csv
202605-00462;2026-05-08;2026-05;C18613;8;site;Desktop;Casa E Decoração;136.68;RS;Nao;nps_ecommerce_2026-05.csv
202605-00473;2026-05-08;2026-05;C20742;8;site;Android;Casa E Decoração;123.02;CE;Nao;nps_ecommerce_2026-05.csv
202605-00536;2026-05-08;2026-05;C29194;9;app;Android;Livros;182.69;CE;Nao;nps_ecommerce_2026-05.csv
202605-00569;2026-05-08;2026-05;C29710;7;site;Desktop;Mercado;102.76;PR;Sim;nps_ecommerce_2026-05.csv
202605-00603;2026-05-08;2026-05;C24285;7;app;Android;Moda;97.25;RJ;Nao;nps_ecommerce_2026-05.csv
202605-00725;2026-05-08;2026-05;C28907;5;site;Android;Mercado;232.89;PE;Sim;nps_ecommerce_2026-05.csv
202605-00741;2026-05-08;2026-05;C10186;7;app;Android;Livros;46.72;CE;Sim;nps_ecommerce_2026-05.csv
202605-00747;2026-05-08;2026-05;C39708;9;app;iOS;Eletrônicos;158.92;DF;Sim;nps_ecommerce_2026-05.csv
202605-00758;2026-05-08;2026-05;C29627;8;site;Android;Eletrônicos;77.33;MG;Nao;nps_ecommerce_2026-05.csv
202605-00777;2026-05-08;2026-05;C17223;6;app;Android;Casa E Decoração;133.58;PR;Nao;nps_ecommerce_2026-05.csv
202605-00787;2026-05-08;2026-05;C22433;9;app;Android;Eletrônicos;83.69;RS;Sim;nps_ecommerce_2026-05.csv
202605-00794;2026-05-08;2026-05;C23417;6;marketplace;Android;Moda;92.81;MG;Sim;nps_ecommerce_2026-05.csv
202605-00023;2026-05-09;2026-05;C19942;8;site;iOS;Casa E Decoração;97.96;DF;Sim;nps_ecommerce_2026-05.csv
202605-00098;2026-05-09;2026-05;C27062;7;app;Desktop;Mercado;251.35;PE;Sim;nps_ecommerce_2026-05.csv
202605-00128;2026-05-09;2026-05;C18967;6;site;Desktop;Casa E Decoração;433.83;MG;Nao;nps_ecommerce_2026-05.csv
202605-00162;2026-05-09;2026-05;C27352;8;app;Android;Eletrônicos;79.68;SP;Sim;nps_ecommerce_2026-05.csv
202605-00164;2026-05-09;2026-05;C17420;6;app;Android;Beleza;73.81;RJ;Nao;nps_ecommerce_2026-05.csv
202605-00187;2026-05-09;2026-05;C19896;10;marketplace;iOS;Beleza;78.86;RJ;Nao;nps_ecommerce_2026-05.csv
202605-00207;2026-05-09;2026-05;C10298;4;marketplace;Android;Mercado;463.12;CE;Sim;nps_ecommerce_2026-05.csv
202605-00209;2026-05-09;2026-05;C35721;10;app;iOS;Beleza;50.48;MG;Sim;nps_ecommerce_2026-05.csv
202605-00226;2026-05-09;2026-05;C16570;7;app;Android;Moda;65.95;PE;Sim;nps_ecommerce_2026-05.csv
202605-00256;2026-05-09;2026-05;C38477;10;app;iOS;Moda;41.18;RS;Sim;nps_ecommerce_2026-05.csv
202605-00290;2026-05-09;2026-05;C33974;10;app;Desktop;Mercado;91.55;MG;Sim;nps_ecommerce_2026-05.csv
202605-00304;2026-05-09;2026-05;C32118;8;app;Android;Beleza;320.27;BA;Nao;nps_ecommerce_2026-05.csv
202605-00305;2026-05-09;2026-05;C25909;9;app;iOS;Mercado;262.68;SP;Sim;nps_ecommerce_2026-05.csv
202605-00317;2026-05-09;2026-05;C31497;8;app;Android;Beleza;82.07;RJ;Sim;nps_ecommerce_2026-05.csv
202605-00336;2026-05-09;2026-05;C19312;6;site;Desktop;Esporte;104.65;PR;Nao;nps_ecommerce_2026-05.csv
202605-00337;2026-05-09;2026-05;C28386;9;app;Android;Eletrônicos;83.54;PE;Sim;nps_ecommerce_2026-05.csv
202605-00338;2026-05-09;2026-05;C15843;9;app;iOS;Mercado;470.88;PR;Nao;nps_ecommerce_2026-05.csv
202605-00349;2026-05-09;2026-05;C26475;6;app;Android;Eletrônicos;163.54;BA;Nao;nps_ecommerce_2026-05.csv
202605-00364;2026-05-09;2026-05;C13028;9;app;Android;Casa E Decoração;339.2;CE;Nao;nps_ecommerce_2026-05.csv
202605-00368;2026-05-09;2026-05;C11030;4;app;Android;Livros;118.8;CE;Sim;nps_ecommerce_2026-05.csv
202605-00373;2026-05-09;2026-05;C33703;10;app;iOS;Livros;125.98;PR;Nao;nps_ecommerce_2026-05.csv
202605-00393;2026-05-09;2026-05;C16475;8;marketplace;Android;Mercado;69.85;SP;Nao;nps_ecommerce_2026-05.csv
202605-00395;2026-05-09;2026-05;C23949;4;marketplace;iOS;Mercado;90.86;BA;Sim;nps_ecommerce_2026-05.csv
202605-00403;2026-05-09;2026-05;C19935;10;site;Android;Mercado;62.58;SP;Sim;nps_ecommerce_2026-05.csv
202605-00405;2026-05-09;2026-05;C26435;4;site;Android;Moda;78.03;MG;Nao;nps_ecommerce_2026-05.csv
202605-00531;2026-05-09;2026-05;C11342;9;app;Desktop;Eletrônicos;137.4;BA;Nao;nps_ecommerce_2026-05.csv
202605-00572;2026-05-09;2026-05;C26373;8;app;iOS;Moda;208.14;PE;Sim;nps_ecommerce_2026-05.csv
202605-00615;2026-05-09;2026-05;C38899;6;marketplace;Android;Beleza;160.02;PE;Nao;nps_ecommerce_2026-05.csv
202605-00651;2026-05-09;2026-05;C14715;7;app;Android;Moda;110.37;PR;Sim;nps_ecommerce_2026-05.csv
202605-00760;2026-05-09;2026-05;C25220;4;app;Desktop;Casa E Decoração;97.31;PE;Nao;nps_ecommerce_2026-05.csv
202605-00764;2026-05-09;2026-05;C38663;8;app;Android;Casa E Decoração;40.14;RS;Nao;nps_ecommerce_2026-05.csv
202605-00793;2026-05-09;2026-05;C24847;8;app;iOS;Beleza;219.82;DF;Nao;nps_ecommerce_2026-05.csv
202605-00797;2026-05-09;2026-05;C36780;6;app;Android;Mercado;21.14;RJ;Nao;nps_ecommerce_2026-05.csv
202605-00814;2026-05-09;2026-05;C11962;5;site;Nao informado;Moda;130.31;DF;Nao;nps_ecommerce_2026-05.csv
202605-00033;2026-05-10;2026-05;C15338;2;site;Desktop;Livros;85.64;SP;Sim;nps_ecommerce_2026-05.csv
202605-00073;2026-05-10;2026-05;C15282;10;app;Android;Livros;101.37;SP;Sim;nps_ecommerce_2026-05.csv
202605-00085;2026-05-10;2026-05;C22314;6;app;Android;Eletrônicos;657.32;RJ;Sim;nps_ecommerce_2026-05.csv
202605-00172;2026-05-10;2026-05;C36341;6;site;Android;Livros;74.72;RJ;Nao;nps_ecommerce_2026-05.csv
202605-00179;2026-05-10;2026-05;C16244;4;site;Android;Casa E Decoração;85.54;RS;Sim;nps_ecommerce_2026-05.csv
202605-00189;2026-05-10;2026-05;C28568;9;app;Android;Moda;32.52;RJ;Nao;nps_ecommerce_2026-05.csv
202605-00261;2026-05-10;2026-05;C14688;9;app;Nao informado;Esporte;102.53;PE;Nao;nps_ecommerce_2026-05.csv
202605-00263;2026-05-10;2026-05;C14917;6;app;iOS;Esporte;379.91;SP;Sim;nps_ecommerce_2026-05.csv
202605-00310;2026-05-10;2026-05;C36256;4;marketplace;Android;Beleza;149.14;PR;Sim;nps_ecommerce_2026-05.csv
202605-00358;2026-05-10;2026-05;C18970;10;site;iOS;Beleza;370.97;SP;Sim;nps_ecommerce_2026-05.csv
202605-00361;2026-05-10;2026-05;C37436;9;app;Desktop;Mercado;335.53;PR;Sim;nps_ecommerce_2026-05.csv
202605-00362;2026-05-10;2026-05;C11747;9;site;iOS;Casa E Decoração;57.16;MG;Sim;nps_ecommerce_2026-05.csv
202605-00378;2026-05-10;2026-05;C20077;5;app;iOS;Moda;148.54;MG;Nao;nps_ecommerce_2026-05.csv
202605-00386;2026-05-10;2026-05;C22675;10;app;Android;Casa E Decoração;185.47;RS;Nao;nps_ecommerce_2026-05.csv
202605-00390;2026-05-10;2026-05;C23925;9;app;Android;Esporte;103.62;SP;Nao;nps_ecommerce_2026-05.csv
202605-00394;2026-05-10;2026-05;C11305;6;app;Android;Casa E Decoração;259.15;CE;Sim;nps_ecommerce_2026-05.csv
202605-00396;2026-05-10;2026-05;C21694;7;site;Android;Casa E Decoração;131.36;MG;Sim;nps_ecommerce_2026-05.csv
202605-00431;2026-05-10;2026-05;C36596;6;app;Desktop;Mercado;92.25;SP;Sim;nps_ecommerce_2026-05.csv
202605-00466;2026-05-10;2026-05;C37281;6;site;iOS;Mercado;152.99;RS;Nao;nps_ecommerce_2026-05.csv
202605-00471;2026-05-10;2026-05;C13638;8;site;Desktop;Eletrônicos;120.57;CE;Nao;nps_ecommerce_2026-05.csv
202605-00479;2026-05-10;2026-05;C28835;3;site;iOS;Eletrônicos;51.42;CE;Sim;nps_ecommerce_2026-05.csv
202605-00550;2026-05-10;2026-05;C34797;8;marketplace;iOS;Esporte;116.56;DF;Sim;nps_ecommerce_2026-05.csv
202605-00566;2026-05-10;2026-05;C27642;9;app;iOS;Moda;67.76;CE;Nao;nps_ecommerce_2026-05.csv
202605-00575;2026-05-10;2026-05;C10906;10;app;Android;Casa E Decoração;299.9;PE;Sim;nps_ecommerce_2026-05.csv
202605-00579;2026-05-10;2026-05;C13531;8;site;iOS;Esporte;334.66;RS;Sim;nps_ecommerce_2026-05.csv
202605-00585;2026-05-10;2026-05;C20496;10;site;Android;Casa E Decoração;70.65;PR;Nao;nps_ecommerce_2026-05.csv
202605-00593;2026-05-10;2026-05;C10155;5;app;Android;Mercado;183.97;RJ;Nao;nps_ecommerce_2026-05.csv
202605-00600;2026-05-10;2026-05;C27572;5;marketplace;Desktop;Casa E Decoração;114.24;PE;Sim;nps_ecommerce_2026-05.csv
202605-00629;2026-05-10;2026-05;C19936;7;app;Android;Moda;29.81;MG;Sim;nps_ecommerce_2026-05.csv
202605-00653;2026-05-10;2026-05;C29711;9;app;Android;Moda;56.44;SP;Nao;nps_ecommerce_2026-05.csv
202605-00679;2026-05-10;2026-05;C18133;7;site;Android;Mercado;150.64;DF;Sim;nps_ecommerce_2026-05.csv
202605-00696;2026-05-10;2026-05;C18704;6;marketplace;Android;Moda;83.38;SP;Sim;nps_ecommerce_2026-05.csv
202605-00707;2026-05-10;2026-05;C35245;7;app;iOS;Moda;172.97;SP;Nao;nps_ecommerce_2026-05.csv
202605-00728;2026-05-10;2026-05;C37041;4;app;Android;Mercado;113.19;PE;Sim;nps_ecommerce_2026-05.csv
202605-00729;2026-05-10;2026-05;C13967;7;app;Desktop;Livros;61.77;SP;Sim;nps_ecommerce_2026-05.csv
202605-00742;2026-05-10;2026-05;C15985;5;site;Desktop;Esporte;198.82;SP;Nao;nps_ecommerce_2026-05.csv
202605-00751;2026-05-10;2026-05;C38848;7;site;iOS;Moda;112.72;SP;Nao;nps_ecommerce_2026-05.csv
202605-00811;2026-05-10;2026-05;C22256;4;marketplace;Android;Beleza;142.05;RJ;Nao;nps_ecommerce_2026-05.csv
202605-00013;2026-05-11;2026-05;C21815;8;site;Android;Mercado;56.37;MG;Nao;nps_ecommerce_2026-05.csv
202605-00030;2026-05-11;2026-05;C18807;8;site;Android;Mercado;106.58;PR;Nao;nps_ecommerce_2026-05.csv
202605-00076;2026-05-11;2026-05;C19530;4;app;Desktop;Beleza;115.81;MG;Sim;nps_ecommerce_2026-05.csv
202605-00079;2026-05-11;2026-05;C15561;10;app;iOS;Casa E Decoração;67.19;CE;Nao;nps_ecommerce_2026-05.csv
202605-00083;2026-05-11;2026-05;C22244;5;app;Android;Beleza;62.05;SP;Nao;nps_ecommerce_2026-05.csv
202605-00094;2026-05-11;2026-05;C34680;7;marketplace;iOS;Beleza;41.14;PE;Nao;nps_ecommerce_2026-05.csv
202605-00151;2026-05-11;2026-05;C35317;6;site;iOS;Casa E Decoração;79.16;RS;Nao;nps_ecommerce_2026-05.csv
202605-00154;2026-05-11;2026-05;C16837;4;app;Android;Esporte;305.76;RJ;Nao;nps_ecommerce_2026-05.csv
202605-00283;2026-05-11;2026-05;C34815;10;app;iOS;Mercado;81.88;PE;Sim;nps_ecommerce_2026-05.csv
202605-00293;2026-05-11;2026-05;C16238;9;app;Android;Livros;20.64;DF;Sim;nps_ecommerce_2026-05.csv
202605-00301;2026-05-11;2026-05;C18106;7;app;iOS;Beleza;115.12;CE;Nao;nps_ecommerce_2026-05.csv
202605-00332;2026-05-11;2026-05;C34469;7;app;Desktop;Moda;116.17;PR;Sim;nps_ecommerce_2026-05.csv
202605-00401;2026-05-11;2026-05;C30864;5;app;Android;Eletrônicos;155.41;RJ;Sim;nps_ecommerce_2026-05.csv
202605-00443;2026-05-11;2026-05;C17367;8;app;iOS;Casa E Decoração;150.71;RJ;Sim;nps_ecommerce_2026-05.csv
202605-00454;2026-05-11;2026-05;C26622;9;app;iOS;Livros;256.94;MG;Nao;nps_ecommerce_2026-05.csv
202605-00459;2026-05-11;2026-05;C35114;7;app;iOS;Casa E Decoração;108.68;RS;Sim;nps_ecommerce_2026-05.csv
202605-00460;2026-05-11;2026-05;C15124;6;site;Android;Moda;47.29;MG;Sim;nps_ecommerce_2026-05.csv
202605-00461;2026-05-11;2026-05;C26923;6;site;Android;Mercado;175.02;MG;Nao;nps_ecommerce_2026-05.csv
202605-00476;2026-05-11;2026-05;C16520;10;app;Android;Casa E Decoração;85.77;BA;Sim;nps_ecommerce_2026-05.csv
202605-00484;2026-05-11;2026-05;C23996;9;app;Desktop;Esporte;65.39;PR;Nao;nps_ecommerce_2026-05.csv
202605-00509;2026-05-11;2026-05;C33280;10;app;Android;Esporte;158.51;RS;Nao;nps_ecommerce_2026-05.csv
202605-00510;2026-05-11;2026-05;C23828;5;site;iOS;Livros;97.79;MG;Sim;nps_ecommerce_2026-05.csv
202605-00535;2026-05-11;2026-05;C23750;7;marketplace;iOS;Casa E Decoração;220.24;DF;Sim;nps_ecommerce_2026-05.csv
202605-00544;2026-05-11;2026-05;C25014;10;app;Android;Mercado;45.39;SP;Sim;nps_ecommerce_2026-05.csv
202605-00546;2026-05-11;2026-05;C21527;4;site;Android;Mercado;141.6;RJ;Sim;nps_ecommerce_2026-05.csv
202605-00553;2026-05-11;2026-05;C17367;7;site;iOS;Esporte;96.02;RJ;Sim;nps_ecommerce_2026-05.csv
202605-00573;2026-05-11;2026-05;C24802;7;app;Android;Eletrônicos;156.68;RJ;Sim;nps_ecommerce_2026-05.csv
202605-00607;2026-05-11;2026-05;C31561;6;app;iOS;Beleza;16.65;PR;Sim;nps_ecommerce_2026-05.csv
202605-00622;2026-05-11;2026-05;C28077;6;app;Android;Esporte;151.86;PR;Nao;nps_ecommerce_2026-05.csv
202605-00660;2026-05-11;2026-05;C36091;10;app;Desktop;Beleza;121.87;CE;Nao;nps_ecommerce_2026-05.csv
202605-00677;2026-05-11;2026-05;C25882;6;site;Android;Esporte;61.78;RS;Sim;nps_ecommerce_2026-05.csv
202605-00697;2026-05-11;2026-05;C16415;9;site;iOS;Eletrônicos;33.06;RS;Nao;nps_ecommerce_2026-05.csv
202605-00740;2026-05-11;2026-05;C23983;6;app;iOS;Mercado;69.77;SP;Sim;nps_ecommerce_2026-05.csv
202605-00761;2026-05-11;2026-05;C20097;9;site;Android;Beleza;138.98;SP;Nao;nps_ecommerce_2026-05.csv
202605-00815;2026-05-11;2026-05;C36165;9;app;iOS;Casa E Decoração;346.44;PE;Nao;nps_ecommerce_2026-05.csv
202605-00010;2026-05-12;2026-05;C33317;10;app;iOS;Eletrônicos;108.71;RS;Sim;nps_ecommerce_2026-05.csv
202605-00026;2026-05-12;2026-05;C20635;6;site;Android;Esporte;167.48;SP;Nao;nps_ecommerce_2026-05.csv
202605-00100;2026-05-12;2026-05;C16873;6;site;Desktop;Esporte;178.79;PR;Sim;nps_ecommerce_2026-05.csv
202605-00108;2026-05-12;2026-05;C36009;6;marketplace;Android;Mercado;166.14;RJ;Nao;nps_ecommerce_2026-05.csv
202605-00135;2026-05-12;2026-05;C14752;4;app;iOS;Casa E Decoração;134.36;BA;Sim;nps_ecommerce_2026-05.csv
202605-00176;2026-05-12;2026-05;C26312;5;site;Android;Livros;186.0;MG;Nao;nps_ecommerce_2026-05.csv
202605-00184;2026-05-12;2026-05;C38793;6;app;Desktop;Livros;227.14;MG;Sim;nps_ecommerce_2026-05.csv
202605-00186;2026-05-12;2026-05;C18150;7;app;Android;Beleza;200.06;CE;Nao;nps_ecommerce_2026-05.csv
202605-00234;2026-05-12;2026-05;C16345;6;marketplace;Desktop;Moda;104.78;BA;Sim;nps_ecommerce_2026-05.csv
202605-00252;2026-05-12;2026-05;C18806;5;app;Android;Mercado;145.56;RS;Sim;nps_ecommerce_2026-05.csv
202605-00366;2026-05-12;2026-05;C31168;5;marketplace;Android;Moda;40.55;PE;Nao;nps_ecommerce_2026-05.csv
202605-00400;2026-05-12;2026-05;C11254;10;app;Desktop;Livros;227.3;BA;Sim;nps_ecommerce_2026-05.csv
202605-00404;2026-05-12;2026-05;C28787;5;site;Android;Beleza;207.44;SP;Nao;nps_ecommerce_2026-05.csv
202605-00412;2026-05-12;2026-05;C19962;5;site;iOS;Livros;118.57;DF;Nao;nps_ecommerce_2026-05.csv
202605-00441;2026-05-12;2026-05;C31097;10;app;Desktop;Casa E Decoração;335.91;MG;Nao;nps_ecommerce_2026-05.csv
202605-00478;2026-05-12;2026-05;C10530;3;marketplace;Desktop;Esporte;169.03;DF;Nao;nps_ecommerce_2026-05.csv
202605-00487;2026-05-12;2026-05;C12269;8;site;iOS;Moda;102.67;DF;Sim;nps_ecommerce_2026-05.csv
202605-00500;2026-05-12;2026-05;C38805;6;site;Android;Eletrônicos;53.05;MG;Nao;nps_ecommerce_2026-05.csv
202605-00539;2026-05-12;2026-05;C29009;10;app;Desktop;Beleza;199.81;PR;Nao;nps_ecommerce_2026-05.csv
202605-00540;2026-05-12;2026-05;C31203;8;site;Desktop;Esporte;158.5;SP;Sim;nps_ecommerce_2026-05.csv
202605-00543;2026-05-12;2026-05;C36816;10;site;Android;Moda;96.99;RS;Nao;nps_ecommerce_2026-05.csv
202605-00634;2026-05-12;2026-05;C12257;8;marketplace;Android;Livros;128.49;RJ;Nao;nps_ecommerce_2026-05.csv
202605-00666;2026-05-12;2026-05;C13473;8;app;iOS;Beleza;267.59;SP;Nao;nps_ecommerce_2026-05.csv
202605-00688;2026-05-12;2026-05;C21080;3;app;iOS;Eletrônicos;85.87;BA;Nao;nps_ecommerce_2026-05.csv
202605-00790;2026-05-12;2026-05;C39871;10;app;Android;Moda;235.09;RS;Sim;nps_ecommerce_2026-05.csv
202605-00804;2026-05-12;2026-05;C35768;7;marketplace;Android;Livros;67.29;DF;Nao;nps_ecommerce_2026-05.csv
202605-00806;2026-05-12;2026-05;C37588;4;app;Android;Beleza;25.5;SP;Nao;nps_ecommerce_2026-05.csv
202605-00810;2026-05-12;2026-05;C38913;7;app;iOS;Eletrônicos;172.45;CE;Sim;nps_ecommerce_2026-05.csv
202605-00812;2026-05-12;2026-05;C36905;9;app;Android;Mercado;195.62;RS;Nao;nps_ecommerce_2026-05.csv
202605-00007;2026-05-13;2026-05;C11257;10;app;iOS;Moda;100.3;MG;Nao;nps_ecommerce_2026-05.csv
202605-00021;2026-05-13;2026-05;C28431;7;app;Android;Casa E Decoração;170.5;DF;Sim;nps_ecommerce_2026-05.csv
202605-00082;2026-05-13;2026-05;C23403;9;app;Desktop;Moda;148.73;RS;Nao;nps_ecommerce_2026-05.csv
202605-00123;2026-05-13;2026-05;C39154;5;app;Desktop;Mercado;152.19;PE;Sim;nps_ecommerce_2026-05.csv
202605-00130;2026-05-13;2026-05;C13371;8;app;Android;Casa E Decoração;102.11;RS;Sim;nps_ecommerce_2026-05.csv
202605-00132;2026-05-13;2026-05;C24067;3;site;Android;Livros;55.59;SP;Sim;nps_ecommerce_2026-05.csv
202605-00143;2026-05-13;2026-05;C12613;6;app;iOS;Esporte;156.49;BA;Sim;nps_ecommerce_2026-05.csv
202605-00156;2026-05-13;2026-05;C24825;8;app;Android;Mercado;118.36;BA;Nao;nps_ecommerce_2026-05.csv
202605-00160;2026-05-13;2026-05;C26455;9;app;iOS;Beleza;100.75;MG;Nao;nps_ecommerce_2026-05.csv
202605-00204;2026-05-13;2026-05;C22642;6;app;iOS;Beleza;291.41;RS;Nao;nps_ecommerce_2026-05.csv
202605-00208;2026-05-13;2026-05;C26811;5;app;Android;Casa E Decoração;138.74;DF;Nao;nps_ecommerce_2026-05.csv
202605-00210;2026-05-13;2026-05;C25458;7;marketplace;iOS;Livros;234.29;CE;Nao;nps_ecommerce_2026-05.csv
202605-00216;2026-05-13;2026-05;C14365;9;app;Android;Moda;149.71;CE;Sim;nps_ecommerce_2026-05.csv
202605-00244;2026-05-13;2026-05;C19843;9;app;iOS;Casa E Decoração;156.52;SP;Nao;nps_ecommerce_2026-05.csv
202605-00245;2026-05-13;2026-05;C24549;10;app;iOS;Moda;121.48;PE;Nao;nps_ecommerce_2026-05.csv
202605-00281;2026-05-13;2026-05;C20500;10;site;Android;Esporte;279.61;CE;Nao;nps_ecommerce_2026-05.csv
202605-00327;2026-05-13;2026-05;C14170;8;app;iOS;Livros;57.83;RJ;Sim;nps_ecommerce_2026-05.csv
202605-00343;2026-05-13;2026-05;C35359;7;app;Android;Casa E Decoração;46.49;PE;Nao;nps_ecommerce_2026-05.csv
202605-00389;2026-05-13;2026-05;C32488;6;app;Android;Livros;245.92;DF;Nao;nps_ecommerce_2026-05.csv
202605-00513;2026-05-13;2026-05;C24814;10;app;Android;Casa E Decoração;216.97;SP;Nao;nps_ecommerce_2026-05.csv
202605-00587;2026-05-13;2026-05;C20023;3;site;Android;Casa E Decoração;205.57;SP;Sim;nps_ecommerce_2026-05.csv
202605-00606;2026-05-13;2026-05;C22452;10;app;iOS;Eletrônicos;45.09;SP;Sim;nps_ecommerce_2026-05.csv
202605-00003;2026-05-14;2026-05;C29565;8;app;Android;Casa E Decoração;400.56;BA;Nao;nps_ecommerce_2026-05.csv
202605-00018;2026-05-14;2026-05;C12218;10;app;Android;Esporte;84.84;RJ;Sim;nps_ecommerce_2026-05.csv
202605-00034;2026-05-14;2026-05;C18036;7;app;Android;Beleza;321.13;RJ;Sim;nps_ecommerce_2026-05.csv
202605-00102;2026-05-14;2026-05;C23447;6;site;Desktop;Beleza;272.53;CE;Nao;nps_ecommerce_2026-05.csv
202605-00112;2026-05-14;2026-05;C17924;7;app;Android;Esporte;142.16;SP;Nao;nps_ecommerce_2026-05.csv
202605-00113;2026-05-14;2026-05;C14222;9;site;Android;Livros;28.93;SP;Sim;nps_ecommerce_2026-05.csv
202605-00129;2026-05-14;2026-05;C26798;9;app;Desktop;Casa E Decoração;178.95;CE;Sim;nps_ecommerce_2026-05.csv
202605-00131;2026-05-14;2026-05;C38929;10;site;Android;Casa E Decoração;134.06;CE;Nao;nps_ecommerce_2026-05.csv
202605-00157;2026-05-14;2026-05;C15380;4;app;Desktop;Esporte;346.01;RS;Sim;nps_ecommerce_2026-05.csv
202605-00221;2026-05-14;2026-05;C30495;7;site;iOS;Eletrônicos;125.49;CE;Sim;nps_ecommerce_2026-05.csv
202605-00233;2026-05-14;2026-05;C32981;4;site;iOS;Beleza;348.07;MG;Sim;nps_ecommerce_2026-05.csv
202605-00329;2026-05-14;2026-05;C23087;10;app;Nao informado;Eletrônicos;27.83;DF;Nao;nps_ecommerce_2026-05.csv
202605-00342;2026-05-14;2026-05;C31785;7;site;iOS;Mercado;125.94;CE;Sim;nps_ecommerce_2026-05.csv
202605-00417;2026-05-14;2026-05;C39506;9;app;iOS;Casa E Decoração;68.17;PR;Sim;nps_ecommerce_2026-05.csv
202605-00421;2026-05-14;2026-05;C23444;6;site;iOS;Moda;72.99;PE;Sim;nps_ecommerce_2026-05.csv
202605-00477;2026-05-14;2026-05;C22986;6;app;Android;Mercado;71.39;PE;Sim;nps_ecommerce_2026-05.csv
202605-00488;2026-05-14;2026-05;C18882;8;app;Desktop;Mercado;96.74;MG;Nao;nps_ecommerce_2026-05.csv
202605-00495;2026-05-14;2026-05;C37780;8;marketplace;iOS;Livros;214.34;RJ;Sim;nps_ecommerce_2026-05.csv
202605-00523;2026-05-14;2026-05;C38124;6;site;iOS;Beleza;72.97;SP;Nao;nps_ecommerce_2026-05.csv
202605-00524;2026-05-14;2026-05;C39286;9;app;iOS;Livros;386.65;DF;Nao;nps_ecommerce_2026-05.csv
202605-00534;2026-05-14;2026-05;C11856;3;site;Desktop;Casa E Decoração;108.47;PE;Nao;nps_ecommerce_2026-05.csv
202605-00596;2026-05-14;2026-05;C32619;8;app;Nao informado;Mercado;45.43;RS;Nao;nps_ecommerce_2026-05.csv
202605-00609;2026-05-14;2026-05;C26975;9;app;Android;Moda;104.06;RJ;Nao;nps_ecommerce_2026-05.csv
202605-00616;2026-05-14;2026-05;C33287;6;app;Desktop;Beleza;137.95;CE;Sim;nps_ecommerce_2026-05.csv
202605-00670;2026-05-14;2026-05;C18064;7;app;iOS;Moda;128.88;BA;Nao;nps_ecommerce_2026-05.csv
202605-00733;2026-05-14;2026-05;C32563;6;site;Desktop;Livros;140.09;RJ;Nao;nps_ecommerce_2026-05.csv
202605-00766;2026-05-14;2026-05;C31944;4;app;Android;Mercado;125.62;SP;Sim;nps_ecommerce_2026-05.csv
202605-00784;2026-05-14;2026-05;C35873;7;app;iOS;Eletrônicos;44.57;CE;Nao;nps_ecommerce_2026-05.csv
202605-00789;2026-05-14;2026-05;C33729;6;app;Android;Beleza;61.87;CE;Nao;nps_ecommerce_2026-05.csv
202605-00796;2026-05-14;2026-05;C39324;7;app;iOS;Moda;116.42;CE;Sim;nps_ecommerce_2026-05.csv
202605-00805;2026-05-14;2026-05;C15468;7;site;Android;Mercado;86.66;DF;Sim;nps_ecommerce_2026-05.csv
202605-00103;2026-05-15;2026-05;C24037;4;app;Android;Moda;92.58;MG;Nao;nps_ecommerce_2026-05.csv
202605-00136;2026-05-15;2026-05;C28594;3;site;Desktop;Esporte;206.81;PR;Sim;nps_ecommerce_2026-05.csv
202605-00159;2026-05-15;2026-05;C21532;10;app;Desktop;Eletrônicos;59.45;DF;Nao;nps_ecommerce_2026-05.csv
202605-00181;2026-05-15;2026-05;C32312;8;marketplace;Desktop;Esporte;175.12;MG;Sim;nps_ecommerce_2026-05.csv
202605-00191;2026-05-15;2026-05;C23779;8;app;Android;Esporte;163.66;PE;Sim;nps_ecommerce_2026-05.csv
202605-00200;2026-05-15;2026-05;C22802;6;app;iOS;Beleza;201.35;DF;Nao;nps_ecommerce_2026-05.csv
202605-00205;2026-05-15;2026-05;C13936;9;app;iOS;Casa E Decoração;118.24;RS;Sim;nps_ecommerce_2026-05.csv
202605-00206;2026-05-15;2026-05;C11396;6;site;Android;Moda;29.43;SP;Nao;nps_ecommerce_2026-05.csv
202605-00215;2026-05-15;2026-05;C35013;8;app;Android;Eletrônicos;33.1;RJ;Sim;nps_ecommerce_2026-05.csv
202605-00249;2026-05-15;2026-05;C23888;6;marketplace;Android;Esporte;61.09;DF;Nao;nps_ecommerce_2026-05.csv
202605-00250;2026-05-15;2026-05;C34432;10;app;iOS;Eletrônicos;616.48;PE;Nao;nps_ecommerce_2026-05.csv
202605-00254;2026-05-15;2026-05;C11212;8;app;Android;Mercado;80.44;SP;Sim;nps_ecommerce_2026-05.csv
202605-00427;2026-05-15;2026-05;C26391;4;marketplace;Desktop;Mercado;215.75;MG;Nao;nps_ecommerce_2026-05.csv
202605-00465;2026-05-15;2026-05;C35134;10;site;Desktop;Moda;43.3;MG;Sim;nps_ecommerce_2026-05.csv
202605-00490;2026-05-15;2026-05;C23080;6;app;Android;Esporte;59.67;CE;Sim;nps_ecommerce_2026-05.csv
202605-00505;2026-05-15;2026-05;C14404;9;marketplace;Desktop;Eletrônicos;170.14;DF;Nao;nps_ecommerce_2026-05.csv
202605-00614;2026-05-15;2026-05;C27578;9;app;iOS;Casa E Decoração;871.54;MG;Sim;nps_ecommerce_2026-05.csv
202605-00618;2026-05-15;2026-05;C21913;6;app;Android;Moda;140.39;PE;Sim;nps_ecommerce_2026-05.csv
202605-00625;2026-05-15;2026-05;C18051;6;app;iOS;Beleza;254.12;BA;Nao;nps_ecommerce_2026-05.csv
202605-00658;2026-05-15;2026-05;C21734;7;site;Android;Beleza;92.59;BA;Nao;nps_ecommerce_2026-05.csv
202605-00716;2026-05-15;2026-05;C36893;10;app;iOS;Livros;140.82;BA;Nao;nps_ecommerce_2026-05.csv
202605-00735;2026-05-15;2026-05;C22446;10;app;iOS;Beleza;185.66;RJ;Sim;nps_ecommerce_2026-05.csv
202605-00738;2026-05-15;2026-05;C19002;10;app;Android;Esporte;41.72;MG;Sim;nps_ecommerce_2026-05.csv
202605-00788;2026-05-15;2026-05;C33365;9;site;Android;Casa E Decoração;46.98;RJ;Nao;nps_ecommerce_2026-05.csv
202605-00801;2026-05-15;2026-05;C18054;10;site;Android;Livros;56.81;RS;Sim;nps_ecommerce_2026-05.csv
202605-00808;2026-05-15;2026-05;C38350;6;site;Android;Moda;197.77;MG;Nao;nps_ecommerce_2026-05.csv
202605-00009;2026-05-16;2026-05;C12010;10;app;Android;Casa E Decoração;379.24;PE;Sim;nps_ecommerce_2026-05.csv
202605-00012;2026-05-16;2026-05;C21913;10;app;iOS;Livros;53.65;RS;Sim;nps_ecommerce_2026-05.csv
202605-00020;2026-05-16;2026-05;C32436;9;site;Android;Eletrônicos;139.19;PE;Sim;nps_ecommerce_2026-05.csv
202605-00060;2026-05-16;2026-05;C23484;4;site;Android;Livros;92.32;RS;Sim;nps_ecommerce_2026-05.csv
202605-00065;2026-05-16;2026-05;C20262;7;site;Android;Beleza;38.81;CE;Sim;nps_ecommerce_2026-05.csv
202605-00125;2026-05-16;2026-05;C30119;7;marketplace;iOS;Esporte;197.34;BA;Nao;nps_ecommerce_2026-05.csv
202605-00139;2026-05-16;2026-05;C11533;10;app;Android;Eletrônicos;182.82;CE;Nao;nps_ecommerce_2026-05.csv
202605-00144;2026-05-16;2026-05;C37809;5;app;Desktop;Mercado;181.39;CE;Nao;nps_ecommerce_2026-05.csv
202605-00153;2026-05-16;2026-05;C11974;7;site;Android;Beleza;203.93;RJ;Nao;nps_ecommerce_2026-05.csv
202605-00167;2026-05-16;2026-05;C34218;2;app;Desktop;Moda;93.47;SP;Sim;nps_ecommerce_2026-05.csv
202605-00196;2026-05-16;2026-05;C32629;9;site;iOS;Livros;53.27;SP;Sim;nps_ecommerce_2026-05.csv
202605-00238;2026-05-16;2026-05;C31547;5;app;iOS;Casa E Decoração;57.24;PE;Sim;nps_ecommerce_2026-05.csv
202605-00285;2026-05-16;2026-05;C24382;10;app;iOS;Casa E Decoração;133.93;RS;Sim;nps_ecommerce_2026-05.csv
202605-00295;2026-05-16;2026-05;C36668;7;app;Android;Moda;509.18;MG;Sim;nps_ecommerce_2026-05.csv
202605-00380;2026-05-16;2026-05;C28016;6;app;Android;Beleza;57.61;RJ;Nao;nps_ecommerce_2026-05.csv
202605-00444;2026-05-16;2026-05;C25051;6;site;Android;Eletrônicos;313.11;BA;Sim;nps_ecommerce_2026-05.csv
202605-00451;2026-05-16;2026-05;C16468;10;app;Android;Esporte;400.3;RJ;Nao;nps_ecommerce_2026-05.csv
202605-00456;2026-05-16;2026-05;C10213;10;app;Desktop;Beleza;68.05;MG;Nao;nps_ecommerce_2026-05.csv
202605-00496;2026-05-16;2026-05;C10519;5;site;iOS;Livros;163.06;PE;Nao;nps_ecommerce_2026-05.csv
202605-00530;2026-05-16;2026-05;C17608;4;site;iOS;Eletrônicos;105.91;SP;Nao;nps_ecommerce_2026-05.csv
202605-00583;2026-05-16;2026-05;C36571;8;app;Android;Mercado;28.29;SP;Sim;nps_ecommerce_2026-05.csv
202605-00592;2026-05-16;2026-05;C16774;8;app;Android;Eletrônicos;169.16;PR;Nao;nps_ecommerce_2026-05.csv
202605-00632;2026-05-16;2026-05;C22431;10;app;Android;Esporte;31.88;PE;Nao;nps_ecommerce_2026-05.csv
202605-00667;2026-05-16;2026-05;C36333;8;app;Android;Casa E Decoração;72.04;DF;Sim;nps_ecommerce_2026-05.csv
202605-00673;2026-05-16;2026-05;C28458;6;site;iOS;Esporte;211.81;PR;Sim;nps_ecommerce_2026-05.csv
202605-00676;2026-05-16;2026-05;C18080;4;site;iOS;Casa E Decoração;108.59;SP;Nao;nps_ecommerce_2026-05.csv
202605-00693;2026-05-16;2026-05;C10770;8;app;Android;Esporte;78.38;RS;Sim;nps_ecommerce_2026-05.csv
202605-00710;2026-05-16;2026-05;C12073;10;app;iOS;Eletrônicos;115.04;SP;Nao;nps_ecommerce_2026-05.csv
202605-00724;2026-05-16;2026-05;C13831;8;site;Desktop;Casa E Decoração;30.06;BA;Nao;nps_ecommerce_2026-05.csv
202605-00732;2026-05-16;2026-05;C20473;9;site;iOS;Beleza;240.13;SP;Nao;nps_ecommerce_2026-05.csv
202605-00754;2026-05-16;2026-05;C26822;5;marketplace;iOS;Moda;228.23;RJ;Sim;nps_ecommerce_2026-05.csv
202605-00001;2026-05-17;2026-05;C33789;7;app;Desktop;Beleza;219.56;PE;Sim;nps_ecommerce_2026-05.csv
202605-00052;2026-05-17;2026-05;C28935;7;site;Desktop;Moda;116.17;PE;Sim;nps_ecommerce_2026-05.csv
202605-00075;2026-05-17;2026-05;C33878;3;marketplace;Android;Mercado;146.8;DF;Nao;nps_ecommerce_2026-05.csv
202605-00114;2026-05-17;2026-05;C15191;10;app;iOS;Mercado;96.03;BA;Sim;nps_ecommerce_2026-05.csv
202605-00133;2026-05-17;2026-05;C18292;8;app;iOS;Mercado;150.96;SP;Nao;nps_ecommerce_2026-05.csv
202605-00174;2026-05-17;2026-05;C35379;7;app;Desktop;Mercado;135.73;BA;Nao;nps_ecommerce_2026-05.csv
202605-00240;2026-05-17;2026-05;C39261;4;marketplace;Android;Esporte;269.38;PR;Sim;nps_ecommerce_2026-05.csv
202605-00260;2026-05-17;2026-05;C12537;8;site;iOS;Casa E Decoração;427.29;RJ;Nao;nps_ecommerce_2026-05.csv
202605-00270;2026-05-17;2026-05;C12504;9;app;Android;Esporte;61.2;DF;Sim;nps_ecommerce_2026-05.csv
202605-00296;2026-05-17;2026-05;C38087;6;site;iOS;Beleza;91.64;RJ;Sim;nps_ecommerce_2026-05.csv
202605-00326;2026-05-17;2026-05;C28179;8;app;Desktop;Eletrônicos;114.82;CE;Sim;nps_ecommerce_2026-05.csv
202605-00330;2026-05-17;2026-05;C20563;9;marketplace;Android;Livros;320.68;RS;Sim;nps_ecommerce_2026-05.csv
202605-00418;2026-05-17;2026-05;C27551;7;site;iOS;Beleza;156.79;BA;Nao;nps_ecommerce_2026-05.csv
202605-00491;2026-05-17;2026-05;C39926;5;app;Android;Moda;39.64;MG;Sim;nps_ecommerce_2026-05.csv
202605-00520;2026-05-17;2026-05;C29691;6;site;Android;Esporte;105.98;BA;Sim;nps_ecommerce_2026-05.csv
202605-00608;2026-05-17;2026-05;C19430;5;site;iOS;Casa E Decoração;237.39;SP;Sim;nps_ecommerce_2026-05.csv
202605-00626;2026-05-17;2026-05;C34094;8;site;iOS;Eletrônicos;74.19;SP;Sim;nps_ecommerce_2026-05.csv
202605-00637;2026-05-17;2026-05;C19183;6;marketplace;Desktop;Eletrônicos;141.9;PR;Nao;nps_ecommerce_2026-05.csv
202605-00689;2026-05-17;2026-05;C23643;10;app;Android;Moda;40.61;SP;Sim;nps_ecommerce_2026-05.csv
202605-00695;2026-05-17;2026-05;C39444;5;site;Android;Moda;55.24;BA;Sim;nps_ecommerce_2026-05.csv
202605-00024;2026-05-18;2026-05;C17805;6;app;Android;Casa E Decoração;65.32;SP;Sim;nps_ecommerce_2026-05.csv
202605-00051;2026-05-18;2026-05;C26141;6;site;Desktop;Beleza;204.69;DF;Sim;nps_ecommerce_2026-05.csv
202605-00106;2026-05-18;2026-05;C13267;3;app;Android;Mercado;76.65;SP;Sim;nps_ecommerce_2026-05.csv
202605-00152;2026-05-18;2026-05;C37379;8;site;Android;Livros;94.57;BA;Sim;nps_ecommerce_2026-05.csv
202605-00224;2026-05-18;2026-05;C28853;5;marketplace;Android;Esporte;93.26;RJ;Nao;nps_ecommerce_2026-05.csv
202605-00225;2026-05-18;2026-05;C32856;8;app;Android;Casa E Decoração;191.05;SP;Sim;nps_ecommerce_2026-05.csv
202605-00258;2026-05-18;2026-05;C33506;10;site;Desktop;Casa E Decoração;47.49;SP;Nao;nps_ecommerce_2026-05.csv
202605-00259;2026-05-18;2026-05;C33537;5;app;iOS;Eletrônicos;109.48;BA;Sim;nps_ecommerce_2026-05.csv
202605-00287;2026-05-18;2026-05;C27626;8;app;iOS;Mercado;115.24;SP;Sim;nps_ecommerce_2026-05.csv
202605-00318;2026-05-18;2026-05;C19127;2;app;Desktop;Esporte;511.36;PE;Sim;nps_ecommerce_2026-05.csv
202605-00345;2026-05-18;2026-05;C24471;8;site;Android;Livros;83.64;PE;Sim;nps_ecommerce_2026-05.csv
202605-00367;2026-05-18;2026-05;C37192;8;site;iOS;Esporte;704.92;DF;Sim;nps_ecommerce_2026-05.csv
202605-00414;2026-05-18;2026-05;C34381;8;site;iOS;Esporte;141.02;RS;Sim;nps_ecommerce_2026-05.csv
202605-00424;2026-05-18;2026-05;C26755;9;site;Desktop;Moda;183.7;PE;Nao;nps_ecommerce_2026-05.csv
202605-00480;2026-05-18;2026-05;C15184;2;marketplace;Desktop;Eletrônicos;114.41;RJ;Nao;nps_ecommerce_2026-05.csv
202605-00518;2026-05-18;2026-05;C12718;7;app;Desktop;Moda;109.3;PE;Nao;nps_ecommerce_2026-05.csv
202605-00521;2026-05-18;2026-05;C17550;6;site;Desktop;Moda;69.93;BA;Nao;nps_ecommerce_2026-05.csv
202605-00537;2026-05-18;2026-05;C29878;6;app;Android;Esporte;31.96;CE;Nao;nps_ecommerce_2026-05.csv
202605-00552;2026-05-18;2026-05;C21593;7;app;Desktop;Eletrônicos;39.33;BA;Nao;nps_ecommerce_2026-05.csv
202605-00589;2026-05-18;2026-05;C10916;3;site;iOS;Moda;97.1;SP;Nao;nps_ecommerce_2026-05.csv
202605-00659;2026-05-18;2026-05;C34411;7;site;Android;Eletrônicos;153.94;BA;Nao;nps_ecommerce_2026-05.csv
202605-00772;2026-05-18;2026-05;C29122;7;marketplace;Android;Beleza;280.57;CE;Sim;nps_ecommerce_2026-05.csv
202605-00775;2026-05-18;2026-05;C18795;7;app;iOS;Livros;142.07;DF;Nao;nps_ecommerce_2026-05.csv
202605-00022;2026-05-19;2026-05;C17137;6;app;iOS;Mercado;195.77;MG;Nao;nps_ecommerce_2026-05.csv
202605-00048;2026-05-19;2026-05;C24006;8;site;iOS;Eletrônicos;443.2;RJ;Nao;nps_ecommerce_2026-05.csv
202605-00069;2026-05-19;2026-05;C11470;10;app;Android;Eletrônicos;102.97;SP;Sim;nps_ecommerce_2026-05.csv
202605-00140;2026-05-19;2026-05;C22545;8;app;iOS;Eletrônicos;182.34;BA;Sim;nps_ecommerce_2026-05.csv
202605-00170;2026-05-19;2026-05;C10032;10;site;iOS;Eletrônicos;151.29;CE;Sim;nps_ecommerce_2026-05.csv
202605-00180;2026-05-19;2026-05;C35969;10;app;iOS;Eletrônicos;174.33;CE;Nao;nps_ecommerce_2026-05.csv
202605-00211;2026-05-19;2026-05;C29029;8;app;Android;Beleza;904.95;BA;Sim;nps_ecommerce_2026-05.csv
202605-00219;2026-05-19;2026-05;C27910;6;app;iOS;Livros;73.81;PE;Nao;nps_ecommerce_2026-05.csv
202605-00220;2026-05-19;2026-05;C37118;10;app;Android;Esporte;332.1;PR;Sim;nps_ecommerce_2026-05.csv
202605-00266;2026-05-19;2026-05;C26498;5;marketplace;Android;Livros;95.71;PR;Nao;nps_ecommerce_2026-05.csv
202605-00284;2026-05-19;2026-05;C38822;6;app;iOS;Casa E Decoração;128.34;RS;Sim;nps_ecommerce_2026-05.csv
202605-00288;2026-05-19;2026-05;C23975;10;app;Android;Mercado;46.05;RS;Nao;nps_ecommerce_2026-05.csv
202605-00322;2026-05-19;2026-05;C18190;8;app;Android;Mercado;248.76;CE;Nao;nps_ecommerce_2026-05.csv
202605-00355;2026-05-19;2026-05;C33662;3;marketplace;Android;Livros;58.21;MG;Nao;nps_ecommerce_2026-05.csv
202605-00369;2026-05-19;2026-05;C20583;9;app;Android;Esporte;132.44;CE;Sim;nps_ecommerce_2026-05.csv
202605-00375;2026-05-19;2026-05;C10935;7;marketplace;iOS;Casa E Decoração;228.79;PE;Sim;nps_ecommerce_2026-05.csv
202605-00413;2026-05-19;2026-05;C15463;6;app;Android;Beleza;55.71;SP;Sim;nps_ecommerce_2026-05.csv
202605-00423;2026-05-19;2026-05;C30496;9;site;iOS;Casa E Decoração;50.37;MG;Sim;nps_ecommerce_2026-05.csv
202605-00438;2026-05-19;2026-05;C30771;10;app;Android;Livros;97.46;MG;Nao;nps_ecommerce_2026-05.csv
202605-00440;2026-05-19;2026-05;C19927;10;app;iOS;Casa E Decoração;103.97;PR;Nao;nps_ecommerce_2026-05.csv
202605-00452;2026-05-19;2026-05;C24082;5;app;iOS;Beleza;34.8;SP;Sim;nps_ecommerce_2026-05.csv
202605-00470;2026-05-19;2026-05;C22288;8;app;iOS;Casa E Decoração;119.63;SP;Nao;nps_ecommerce_2026-05.csv
202605-00538;2026-05-19;2026-05;C37466;7;app;Desktop;Esporte;244.97;RJ;Sim;nps_ecommerce_2026-05.csv
202605-00557;2026-05-19;2026-05;C23094;10;app;Desktop;Beleza;206.97;DF;Nao;nps_ecommerce_2026-05.csv
202605-00568;2026-05-19;2026-05;C13921;6;site;iOS;Eletrônicos;79.2;BA;Nao;nps_ecommerce_2026-05.csv
202605-00612;2026-05-19;2026-05;C31128;5;app;Android;Beleza;149.87;CE;Nao;nps_ecommerce_2026-05.csv
202605-00619;2026-05-19;2026-05;C16376;10;app;Android;Mercado;166.34;PR;Nao;nps_ecommerce_2026-05.csv
202605-00633;2026-05-19;2026-05;C15958;9;marketplace;iOS;Beleza;103.85;SP;Nao;nps_ecommerce_2026-05.csv
202605-00700;2026-05-19;2026-05;C36799;8;site;Android;Livros;34.37;PR;Sim;nps_ecommerce_2026-05.csv
202605-00737;2026-05-19;2026-05;C38269;5;app;iOS;Esporte;105.01;MG;Nao;nps_ecommerce_2026-05.csv
202605-00744;2026-05-19;2026-05;C10775;7;app;Android;Livros;202.83;SP;Nao;nps_ecommerce_2026-05.csv
202605-00749;2026-05-19;2026-05;C23541;6;app;iOS;Moda;267.61;MG;Sim;nps_ecommerce_2026-05.csv
202605-00768;2026-05-19;2026-05;C27043;9;app;Android;Casa E Decoração;200.56;CE;Sim;nps_ecommerce_2026-05.csv
202605-00770;2026-05-19;2026-05;C25043;9;app;iOS;Esporte;195.62;RS;Sim;nps_ecommerce_2026-05.csv
202605-00006;2026-05-20;2026-05;C15937;4;site;Desktop;Livros;63.62;DF;Sim;nps_ecommerce_2026-05.csv
202605-00027;2026-05-20;2026-05;C19663;3;site;iOS;Mercado;80.7;PE;Sim;nps_ecommerce_2026-05.csv
202605-00084;2026-05-20;2026-05;C31098;6;marketplace;Android;Livros;129.72;SP;Sim;nps_ecommerce_2026-05.csv
202605-00090;2026-05-20;2026-05;C35369;9;app;Desktop;Casa E Decoração;109.0;SP;Nao;nps_ecommerce_2026-05.csv
202605-00126;2026-05-20;2026-05;C10968;4;marketplace;Android;Mercado;400.12;PR;Sim;nps_ecommerce_2026-05.csv
202605-00199;2026-05-20;2026-05;C38832;5;app;iOS;Moda;84.17;MG;Sim;nps_ecommerce_2026-05.csv
202605-00228;2026-05-20;2026-05;C33038;5;site;Desktop;Casa E Decoração;313.82;SP;Sim;nps_ecommerce_2026-05.csv
202605-00307;2026-05-20;2026-05;C20803;7;marketplace;Android;Livros;113.46;SP;Sim;nps_ecommerce_2026-05.csv
202605-00315;2026-05-20;2026-05;C14975;7;app;Android;Beleza;90.96;DF;Sim;nps_ecommerce_2026-05.csv
202605-00339;2026-05-20;2026-05;C19084;10;app;Android;Esporte;117.49;SP;Nao;nps_ecommerce_2026-05.csv
202605-00351;2026-05-20;2026-05;C30717;7;marketplace;iOS;Livros;21.22;CE;Sim;nps_ecommerce_2026-05.csv
202605-00352;2026-05-20;2026-05;C39303;6;app;Android;Moda;380.09;SP;Sim;nps_ecommerce_2026-05.csv
202605-00577;2026-05-20;2026-05;C22260;7;marketplace;Desktop;Livros;129.11;MG;Sim;nps_ecommerce_2026-05.csv
202605-00595;2026-05-20;2026-05;C31906;7;app;Desktop;Livros;189.3;PR;Nao;nps_ecommerce_2026-05.csv
202605-00630;2026-05-20;2026-05;C23424;7;app;Android;Beleza;98.11;DF;Nao;nps_ecommerce_2026-05.csv
202605-00647;2026-05-20;2026-05;C13996;10;site;iOS;Livros;41.62;RJ;Sim;nps_ecommerce_2026-05.csv
202605-00665;2026-05-20;2026-05;C33715;7;app;Android;Mercado;144.09;CE;Sim;nps_ecommerce_2026-05.csv
202605-00674;2026-05-20;2026-05;C20539;7;app;Android;Esporte;102.26;MG;Nao;nps_ecommerce_2026-05.csv
202605-00678;2026-05-20;2026-05;C29827;7;site;Android;Livros;171.41;PR;Sim;nps_ecommerce_2026-05.csv
202605-00698;2026-05-20;2026-05;C31345;8;app;Android;Moda;179.62;CE;Sim;nps_ecommerce_2026-05.csv
202605-00791;2026-05-20;2026-05;C27397;7;marketplace;Desktop;Beleza;257.33;DF;Nao;nps_ecommerce_2026-05.csv
202605-00025;2026-05-21;2026-05;C18159;9;app;iOS;Eletrônicos;287.23;SP;Sim;nps_ecommerce_2026-05.csv
202605-00029;2026-05-21;2026-05;C18432;5;site;Android;Esporte;76.14;PE;Sim;nps_ecommerce_2026-05.csv
202605-00066;2026-05-21;2026-05;C23900;10;app;iOS;Eletrônicos;209.39;BA;Nao;nps_ecommerce_2026-05.csv
202605-00081;2026-05-21;2026-05;C14602;8;site;Desktop;Beleza;296.09;CE;Sim;nps_ecommerce_2026-05.csv
202605-00104;2026-05-21;2026-05;C19281;8;app;Desktop;Mercado;166.41;PE;Sim;nps_ecommerce_2026-05.csv
202605-00150;2026-05-21;2026-05;C24640;9;site;Android;Moda;387.14;PE;Nao;nps_ecommerce_2026-05.csv
202605-00161;2026-05-21;2026-05;C22534;10;app;Android;Casa E Decoração;27.41;SP;Sim;nps_ecommerce_2026-05.csv
202605-00166;2026-05-21;2026-05;C19436;9;site;iOS;Eletrônicos;93.84;BA;Sim;nps_ecommerce_2026-05.csv
202605-00218;2026-05-21;2026-05;C31910;9;app;iOS;Moda;134.78;SP;Sim;nps_ecommerce_2026-05.csv
202605-00243;2026-05-21;2026-05;C35041;9;marketplace;iOS;Beleza;255.43;CE;Sim;nps_ecommerce_2026-05.csv
202605-00262;2026-05-21;2026-05;C22278;6;app;Desktop;Esporte;287.44;PE;Sim;nps_ecommerce_2026-05.csv
202605-00298;2026-05-21;2026-05;C21426;6;site;Android;Moda;109.63;PR;Nao;nps_ecommerce_2026-05.csv
202605-00346;2026-05-21;2026-05;C21409;10;site;Desktop;Mercado;65.78;PE;Nao;nps_ecommerce_2026-05.csv
202605-00354;2026-05-21;2026-05;C30119;6;marketplace;iOS;Livros;516.74;PR;Nao;nps_ecommerce_2026-05.csv
202605-00370;2026-05-21;2026-05;C21759;8;app;iOS;Beleza;48.94;RJ;Nao;nps_ecommerce_2026-05.csv
202605-00388;2026-05-21;2026-05;C38261;10;site;Desktop;Moda;271.11;RJ;Nao;nps_ecommerce_2026-05.csv
202605-00432;2026-05-21;2026-05;C31287;8;app;Android;Eletrônicos;287.28;DF;Sim;nps_ecommerce_2026-05.csv
202605-00442;2026-05-21;2026-05;C15541;6;app;Android;Beleza;67.64;CE;Nao;nps_ecommerce_2026-05.csv
202605-00482;2026-05-21;2026-05;C20827;6;app;Android;Casa E Decoração;53.49;MG;Nao;nps_ecommerce_2026-05.csv
202605-00501;2026-05-21;2026-05;C22228;7;app;iOS;Casa E Decoração;146.72;PE;Sim;nps_ecommerce_2026-05.csv
202605-00511;2026-05-21;2026-05;C11573;6;site;Desktop;Eletrônicos;73.93;PE;Sim;nps_ecommerce_2026-05.csv
202605-00514;2026-05-21;2026-05;C35182;10;app;iOS;Moda;87.88;RS;Nao;nps_ecommerce_2026-05.csv
202605-00522;2026-05-21;2026-05;C30785;8;app;iOS;Mercado;104.49;MG;Sim;nps_ecommerce_2026-05.csv
202605-00527;2026-05-21;2026-05;C23730;6;app;iOS;Mercado;43.21;MG;Nao;nps_ecommerce_2026-05.csv
202605-00545;2026-05-21;2026-05;C20547;9;app;Android;Mercado;72.55;DF;Sim;nps_ecommerce_2026-05.csv
202605-00555;2026-05-21;2026-05;C36592;4;marketplace;iOS;Moda;137.08;CE;Sim;nps_ecommerce_2026-05.csv
202605-00576;2026-05-21;2026-05;C30344;6;marketplace;Android;Casa E Decoração;56.17;PR;Sim;nps_ecommerce_2026-05.csv
202605-00706;2026-05-21;2026-05;C16251;5;app;Android;Casa E Decoração;313.85;PR;Sim;nps_ecommerce_2026-05.csv
202605-00721;2026-05-21;2026-05;C37263;9;site;Desktop;Esporte;99.41;DF;Sim;nps_ecommerce_2026-05.csv
202605-00773;2026-05-21;2026-05;C26041;7;app;Android;Beleza;527.72;PE;Nao;nps_ecommerce_2026-05.csv
202605-00795;2026-05-21;2026-05;C35660;8;site;Desktop;Livros;224.37;SP;Sim;nps_ecommerce_2026-05.csv
202605-00011;2026-05-22;2026-05;C34404;8;app;iOS;Casa E Decoração;42.03;SP;Sim;nps_ecommerce_2026-05.csv
202605-00042;2026-05-22;2026-05;C38974;7;app;Desktop;Beleza;153.03;PE;Sim;nps_ecommerce_2026-05.csv
202605-00045;2026-05-22;2026-05;C32516;6;site;Desktop;Casa E Decoração;292.95;MG;Sim;nps_ecommerce_2026-05.csv
202605-00046;2026-05-22;2026-05;C22095;7;app;Desktop;Livros;156.17;CE;Sim;nps_ecommerce_2026-05.csv
202605-00062;2026-05-22;2026-05;C38703;9;app;Android;Casa E Decoração;106.34;PE;Nao;nps_ecommerce_2026-05.csv
202605-00086;2026-05-22;2026-05;C13063;10;app;Android;Esporte;185.21;CE;Nao;nps_ecommerce_2026-05.csv
202605-00110;2026-05-22;2026-05;C17915;6;app;Nao informado;Beleza;105.15;PE;Sim;nps_ecommerce_2026-05.csv
202605-00138;2026-05-22;2026-05;C34779;5;site;Desktop;Moda;297.56;PE;Sim;nps_ecommerce_2026-05.csv
202605-00171;2026-05-22;2026-05;C19524;6;site;Android;Moda;167.19;SP;Sim;nps_ecommerce_2026-05.csv
202605-00173;2026-05-22;2026-05;C25941;4;marketplace;Android;Mercado;35.65;RS;Nao;nps_ecommerce_2026-05.csv
202605-00188;2026-05-22;2026-05;C35154;4;site;iOS;Esporte;32.59;MG;Sim;nps_ecommerce_2026-05.csv
202605-00217;2026-05-22;2026-05;C19374;9;app;Android;Beleza;254.85;CE;Sim;nps_ecommerce_2026-05.csv
202605-00232;2026-05-22;2026-05;C32400;3;site;Android;Eletrônicos;224.42;PE;Nao;nps_ecommerce_2026-05.csv
202605-00253;2026-05-22;2026-05;C20518;10;app;Desktop;Beleza;169.46;SP;Nao;nps_ecommerce_2026-05.csv
202605-00272;2026-05-22;2026-05;C29161;4;site;Android;Mercado;47.05;PE;Nao;nps_ecommerce_2026-05.csv
202605-00292;2026-05-22;2026-05;C35462;7;site;Android;Eletrônicos;113.39;DF;Nao;nps_ecommerce_2026-05.csv
202605-00299;2026-05-22;2026-05;C25894;9;site;Android;Esporte;140.54;RS;Nao;nps_ecommerce_2026-05.csv
202605-00331;2026-05-22;2026-05;C16699;7;app;Desktop;Casa E Decoração;19.64;DF;Nao;nps_ecommerce_2026-05.csv
202605-00387;2026-05-22;2026-05;C26952;10;app;Android;Eletrônicos;43.14;PE;Nao;nps_ecommerce_2026-05.csv
202605-00445;2026-05-22;2026-05;C11076;8;site;iOS;Casa E Decoração;124.91;BA;Sim;nps_ecommerce_2026-05.csv
202605-00529;2026-05-22;2026-05;C19026;10;app;iOS;Eletrônicos;144.04;MG;Nao;nps_ecommerce_2026-05.csv
202605-00541;2026-05-22;2026-05;C39756;5;marketplace;Nao informado;Esporte;110.94;PE;Sim;nps_ecommerce_2026-05.csv
202605-00567;2026-05-22;2026-05;C29230;10;app;iOS;Esporte;181.16;DF;Sim;nps_ecommerce_2026-05.csv
202605-00574;2026-05-22;2026-05;C22227;7;marketplace;iOS;Esporte;32.37;SP;Sim;nps_ecommerce_2026-05.csv
202605-00584;2026-05-22;2026-05;C31456;8;site;Android;Esporte;82.79;RJ;Nao;nps_ecommerce_2026-05.csv
202605-00604;2026-05-22;2026-05;C26502;6;site;iOS;Moda;101.31;SP;Nao;nps_ecommerce_2026-05.csv
202605-00613;2026-05-22;2026-05;C26074;8;marketplace;iOS;Livros;90.87;PR;Nao;nps_ecommerce_2026-05.csv
202605-00643;2026-05-22;2026-05;C12778;8;app;Desktop;Mercado;144.05;CE;Sim;nps_ecommerce_2026-05.csv
202605-00668;2026-05-22;2026-05;C30266;10;app;iOS;Moda;104.38;RS;Nao;nps_ecommerce_2026-05.csv
202605-00712;2026-05-22;2026-05;C12064;6;site;Desktop;Livros;198.16;SP;Nao;nps_ecommerce_2026-05.csv
202605-00748;2026-05-22;2026-05;C16439;7;app;Desktop;Casa E Decoração;245.71;MG;Nao;nps_ecommerce_2026-05.csv
202605-00752;2026-05-22;2026-05;C25556;10;site;iOS;Moda;57.19;PR;Nao;nps_ecommerce_2026-05.csv
202605-00803;2026-05-22;2026-05;C34715;6;app;Android;Beleza;54.98;CE;Nao;nps_ecommerce_2026-05.csv
202605-00005;2026-05-23;2026-05;C18105;9;site;Android;Beleza;94.01;RS;Sim;nps_ecommerce_2026-05.csv
202605-00019;2026-05-23;2026-05;C14224;6;app;Desktop;Eletrônicos;103.4;RS;Sim;nps_ecommerce_2026-05.csv
202605-00057;2026-05-23;2026-05;C23916;6;app;Android;Livros;237.15;SP;Sim;nps_ecommerce_2026-05.csv
202605-00095;2026-05-23;2026-05;C24312;10;app;Android;Beleza;87.38;MG;Sim;nps_ecommerce_2026-05.csv
202605-00155;2026-05-23;2026-05;C24877;7;site;Desktop;Eletrônicos;91.1;RS;Sim;nps_ecommerce_2026-05.csv
202605-00241;2026-05-23;2026-05;C30377;9;app;iOS;Moda;63.02;PE;Sim;nps_ecommerce_2026-05.csv
202605-00264;2026-05-23;2026-05;C35587;7;site;Android;Livros;369.96;DF;Nao;nps_ecommerce_2026-05.csv
202605-00289;2026-05-23;2026-05;C33144;9;app;iOS;Beleza;344.6;RJ;Nao;nps_ecommerce_2026-05.csv
202605-00302;2026-05-23;2026-05;C23044;8;site;Android;Beleza;162.84;BA;Nao;nps_ecommerce_2026-05.csv
202605-00391;2026-05-23;2026-05;C20979;5;site;Desktop;Eletrônicos;73.45;CE;Sim;nps_ecommerce_2026-05.csv
202605-00436;2026-05-23;2026-05;C18451;9;app;Android;Mercado;218.68;CE;Sim;nps_ecommerce_2026-05.csv
202605-00508;2026-05-23;2026-05;C23232;5;site;Android;Moda;91.99;RJ;Sim;nps_ecommerce_2026-05.csv
202605-00525;2026-05-23;2026-05;C28211;8;app;iOS;Livros;244.03;RS;Sim;nps_ecommerce_2026-05.csv
202605-00532;2026-05-23;2026-05;C32657;4;app;Android;Casa E Decoração;65.16;MG;Sim;nps_ecommerce_2026-05.csv
202605-00551;2026-05-23;2026-05;C29594;10;app;Android;Mercado;142.16;RJ;Nao;nps_ecommerce_2026-05.csv
202605-00559;2026-05-23;2026-05;C14407;10;site;Desktop;Livros;47.8;RJ;Sim;nps_ecommerce_2026-05.csv
202605-00565;2026-05-23;2026-05;C29586;6;marketplace;Android;Moda;49.63;SP;Nao;nps_ecommerce_2026-05.csv
202605-00571;2026-05-23;2026-05;C25545;6;site;iOS;Eletrônicos;456.37;PE;Nao;nps_ecommerce_2026-05.csv
202605-00641;2026-05-23;2026-05;C32016;5;app;Android;Casa E Decoração;70.44;SP;Nao;nps_ecommerce_2026-05.csv
202605-00657;2026-05-23;2026-05;C32317;10;app;Desktop;Esporte;295.99;BA;Nao;nps_ecommerce_2026-05.csv
202605-00739;2026-05-23;2026-05;C26932;6;app;Desktop;Casa E Decoração;132.74;RJ;Sim;nps_ecommerce_2026-05.csv
202605-00745;2026-05-23;2026-05;C22068;8;app;iOS;Beleza;87.78;DF;Sim;nps_ecommerce_2026-05.csv
202605-00746;2026-05-23;2026-05;C23836;8;app;iOS;Livros;35.8;DF;Nao;nps_ecommerce_2026-05.csv
202605-00762;2026-05-23;2026-05;C28356;10;site;Android;Livros;249.03;SP;Sim;nps_ecommerce_2026-05.csv
202605-00763;2026-05-23;2026-05;C26045;7;app;Android;Esporte;123.86;RJ;Sim;nps_ecommerce_2026-05.csv
202605-00028;2026-05-24;2026-05;C19164;7;site;Desktop;Esporte;64.28;PR;Sim;nps_ecommerce_2026-05.csv
202605-00031;2026-05-24;2026-05;C33798;3;app;iOS;Beleza;27.54;PR;Sim;nps_ecommerce_2026-05.csv
202605-00035;2026-05-24;2026-05;C34590;6;site;Android;Beleza;158.87;MG;Nao;nps_ecommerce_2026-05.csv
202605-00071;2026-05-24;2026-05;C21660;6;app;Android;Eletrônicos;79.36;PE;Nao;nps_ecommerce_2026-05.csv
202605-00087;2026-05-24;2026-05;C13550;8;app;Desktop;Mercado;104.74;MG;Nao;nps_ecommerce_2026-05.csv
202605-00158;2026-05-24;2026-05;C13611;8;app;Desktop;Moda;165.69;RJ;Nao;nps_ecommerce_2026-05.csv
202605-00165;2026-05-24;2026-05;C37003;8;app;iOS;Moda;64.87;PR;Sim;nps_ecommerce_2026-05.csv
202605-00175;2026-05-24;2026-05;C30964;8;app;Nao informado;Beleza;90.81;DF;Sim;nps_ecommerce_2026-05.csv
202605-00198;2026-05-24;2026-05;C10211;9;app;Android;Moda;422.95;RS;Sim;nps_ecommerce_2026-05.csv
202605-00229;2026-05-24;2026-05;C30068;9;marketplace;Desktop;Beleza;133.49;SP;Sim;nps_ecommerce_2026-05.csv
202605-00269;2026-05-24;2026-05;C13781;8;app;Android;Beleza;27.38;BA;Nao;nps_ecommerce_2026-05.csv
202605-00275;2026-05-24;2026-05;C13309;8;site;iOS;Beleza;133.19;CE;Sim;nps_ecommerce_2026-05.csv
202605-00279;2026-05-24;2026-05;C37354;6;marketplace;Android;Livros;61.86;CE;Sim;nps_ecommerce_2026-05.csv
202605-00291;2026-05-24;2026-05;C12436;8;site;Android;Casa E Decoração;181.06;PR;Nao;nps_ecommerce_2026-05.csv
202605-00319;2026-05-24;2026-05;C22898;10;app;Android;Livros;93.37;CE;Sim;nps_ecommerce_2026-05.csv
202605-00347;2026-05-24;2026-05;C23896;10;site;Android;Moda;35.75;BA;Nao;nps_ecommerce_2026-05.csv
202605-00397;2026-05-24;2026-05;C11199;7;site;Android;Moda;160.3;BA;Sim;nps_ecommerce_2026-05.csv
202605-00398;2026-05-24;2026-05;C14739;8;site;Android;Casa E Decoração;203.21;MG;Nao;nps_ecommerce_2026-05.csv
202605-00402;2026-05-24;2026-05;C31394;2;marketplace;iOS;Beleza;125.57;RS;Sim;nps_ecommerce_2026-05.csv
202605-00463;2026-05-24;2026-05;C21597;6;app;iOS;Casa E Decoração;107.01;BA;Nao;nps_ecommerce_2026-05.csv
202605-00467;2026-05-24;2026-05;C16535;10;app;Android;Beleza;88.79;DF;Nao;nps_ecommerce_2026-05.csv
202605-00492;2026-05-24;2026-05;C29819;5;app;Desktop;Beleza;135.86;CE;Sim;nps_ecommerce_2026-05.csv
202605-00533;2026-05-24;2026-05;C29769;7;site;Desktop;Moda;176.87;RJ;Nao;nps_ecommerce_2026-05.csv
202605-00570;2026-05-24;2026-05;C13915;10;app;iOS;Beleza;138.45;CE;Nao;nps_ecommerce_2026-05.csv
202605-00639;2026-05-24;2026-05;C34895;9;app;Android;Casa E Decoração;80.4;RS;Sim;nps_ecommerce_2026-05.csv
202605-00654;2026-05-24;2026-05;C17889;6;app;Android;Livros;427.99;BA;Nao;nps_ecommerce_2026-05.csv
202605-00661;2026-05-24;2026-05;C34594;9;app;Desktop;Mercado;382.55;MG;Sim;nps_ecommerce_2026-05.csv
202605-00798;2026-05-24;2026-05;C15862;8;site;Desktop;Moda;186.09;BA;Sim;nps_ecommerce_2026-05.csv
202605-00016;2026-05-25;2026-05;C16619;7;app;iOS;Moda;217.75;CE;Sim;nps_ecommerce_2026-05.csv
202605-00017;2026-05-25;2026-05;C37965;6;app;Android;Casa E Decoração;141.79;RS;Nao;nps_ecommerce_2026-05.csv
202605-00036;2026-05-25;2026-05;C37214;8;app;iOS;Moda;27.35;SP;Sim;nps_ecommerce_2026-05.csv
202605-00047;2026-05-25;2026-05;C31491;6;site;iOS;Beleza;206.55;MG;Nao;nps_ecommerce_2026-05.csv
202605-00049;2026-05-25;2026-05;C22616;6;marketplace;Android;Beleza;194.04;MG;Nao;nps_ecommerce_2026-05.csv
202605-00119;2026-05-25;2026-05;C18535;6;site;iOS;Moda;140.2;PE;Sim;nps_ecommerce_2026-05.csv
202605-00213;2026-05-25;2026-05;C36494;8;app;Android;Eletrônicos;208.58;PR;Sim;nps_ecommerce_2026-05.csv
202605-00214;2026-05-25;2026-05;C23764;8;site;iOS;Casa E Decoração;72.73;PE;Sim;nps_ecommerce_2026-05.csv
202605-00227;2026-05-25;2026-05;C31736;9;site;iOS;Beleza;201.3;BA;Sim;nps_ecommerce_2026-05.csv
202605-00308;2026-05-25;2026-05;C33092;10;site;Android;Mercado;226.41;RJ;Sim;nps_ecommerce_2026-05.csv
202605-00323;2026-05-25;2026-05;C17616;7;site;Android;Beleza;47.67;SP;Nao;nps_ecommerce_2026-05.csv
202605-00325;2026-05-25;2026-05;C28429;7;app;Android;Casa E Decoração;104.27;PR;Sim;nps_ecommerce_2026-05.csv
202605-00360;2026-05-25;2026-05;C15548;8;app;iOS;Casa E Decoração;108.61;SP;Nao;nps_ecommerce_2026-05.csv
202605-00374;2026-05-25;2026-05;C39519;8;app;iOS;Beleza;257.76;PR;Nao;nps_ecommerce_2026-05.csv
202605-00376;2026-05-25;2026-05;C14572;6;marketplace;iOS;Eletrônicos;304.41;SP;Sim;nps_ecommerce_2026-05.csv
202605-00381;2026-05-25;2026-05;C13139;10;site;iOS;Moda;308.57;PR;Nao;nps_ecommerce_2026-05.csv
202605-00392;2026-05-25;2026-05;C22565;10;marketplace;iOS;Eletrônicos;121.57;DF;Nao;nps_ecommerce_2026-05.csv
202605-00416;2026-05-25;2026-05;C35477;9;app;Desktop;Esporte;178.67;MG;Nao;nps_ecommerce_2026-05.csv
202605-00420;2026-05-25;2026-05;C25205;8;app;Android;Eletrônicos;571.79;BA;Nao;nps_ecommerce_2026-05.csv
202605-00433;2026-05-25;2026-05;C35939;8;site;iOS;Beleza;67.0;SP;Nao;nps_ecommerce_2026-05.csv
202605-00435;2026-05-25;2026-05;C18019;10;app;iOS;Livros;109.27;CE;Nao;nps_ecommerce_2026-05.csv
202605-00453;2026-05-25;2026-05;C24950;6;site;iOS;Beleza;182.71;SP;Nao;nps_ecommerce_2026-05.csv
202605-00457;2026-05-25;2026-05;C24156;4;app;iOS;Mercado;134.5;RJ;Nao;nps_ecommerce_2026-05.csv
202605-00469;2026-05-25;2026-05;C31607;7;marketplace;Desktop;Livros;507.48;SP;Nao;nps_ecommerce_2026-05.csv
202605-00474;2026-05-25;2026-05;C35228;5;site;Android;Livros;302.61;MG;Nao;nps_ecommerce_2026-05.csv
202605-00475;2026-05-25;2026-05;C24609;8;marketplace;iOS;Casa E Decoração;82.51;BA;Nao;nps_ecommerce_2026-05.csv
202605-00481;2026-05-25;2026-05;C12394;7;site;Android;Casa E Decoração;96.67;PR;Nao;nps_ecommerce_2026-05.csv
202605-00485;2026-05-25;2026-05;C36919;7;site;Android;Livros;302.56;PR;Sim;nps_ecommerce_2026-05.csv
202605-00498;2026-05-25;2026-05;C11277;5;app;Desktop;Mercado;34.63;CE;Nao;nps_ecommerce_2026-05.csv
202605-00503;2026-05-25;2026-05;C29611;7;app;iOS;Eletrônicos;275.95;PE;Sim;nps_ecommerce_2026-05.csv
202605-00515;2026-05-25;2026-05;C27986;8;app;iOS;Mercado;44.56;CE;Nao;nps_ecommerce_2026-05.csv
202605-00624;2026-05-25;2026-05;C15107;7;marketplace;Android;Mercado;149.62;SP;Sim;nps_ecommerce_2026-05.csv
202605-00645;2026-05-25;2026-05;C12863;7;app;iOS;Eletrônicos;142.92;PR;Nao;nps_ecommerce_2026-05.csv
202605-00675;2026-05-25;2026-05;C16330;10;app;iOS;Moda;73.82;PE;Nao;nps_ecommerce_2026-05.csv
202605-00681;2026-05-25;2026-05;C39812;8;app;Android;Beleza;85.08;CE;Sim;nps_ecommerce_2026-05.csv
202605-00703;2026-05-25;2026-05;C15415;4;marketplace;Android;Esporte;174.85;SP;Nao;nps_ecommerce_2026-05.csv
202605-00718;2026-05-25;2026-05;C19582;8;app;Android;Beleza;250.84;BA;Nao;nps_ecommerce_2026-05.csv
202605-00736;2026-05-25;2026-05;C33069;9;app;iOS;Beleza;89.91;DF;Sim;nps_ecommerce_2026-05.csv
202605-00799;2026-05-25;2026-05;C18923;8;app;iOS;Esporte;31.04;MG;Sim;nps_ecommerce_2026-05.csv
202605-00802;2026-05-25;2026-05;C11385;10;app;Android;Eletrônicos;235.59;SP;Nao;nps_ecommerce_2026-05.csv
202605-00002;2026-05-26;2026-05;C10693;8;app;iOS;Eletrônicos;45.44;RJ;Sim;nps_ecommerce_2026-05.csv
202605-00109;2026-05-26;2026-05;C17337;7;app;iOS;Livros;136.91;BA;Nao;nps_ecommerce_2026-05.csv
202605-00111;2026-05-26;2026-05;C22268;9;app;Android;Livros;135.62;MG;Nao;nps_ecommerce_2026-05.csv
202605-00115;2026-05-26;2026-05;C22845;8;site;Android;Casa E Decoração;280.92;SP;Sim;nps_ecommerce_2026-05.csv
202605-00122;2026-05-26;2026-05;C10719;8;app;Android;Livros;83.89;CE;Sim;nps_ecommerce_2026-05.csv
202605-00247;2026-05-26;2026-05;C34684;10;marketplace;Android;Casa E Decoração;59.72;RS;Nao;nps_ecommerce_2026-05.csv
202605-00248;2026-05-26;2026-05;C13578;6;marketplace;Desktop;Livros;162.64;SP;Nao;nps_ecommerce_2026-05.csv
202605-00316;2026-05-26;2026-05;C20607;6;site;Android;Casa E Decoração;50.47;RS;Nao;nps_ecommerce_2026-05.csv
202605-00340;2026-05-26;2026-05;C17596;8;app;iOS;Mercado;94.66;SP;Sim;nps_ecommerce_2026-05.csv
202605-00372;2026-05-26;2026-05;C30205;3;site;Android;Beleza;280.4;CE;Nao;nps_ecommerce_2026-05.csv
202605-00377;2026-05-26;2026-05;C21341;9;app;iOS;Eletrônicos;139.19;MG;Sim;nps_ecommerce_2026-05.csv
202605-00434;2026-05-26;2026-05;C25813;10;app;iOS;Livros;146.25;PR;Sim;nps_ecommerce_2026-05.csv
202605-00450;2026-05-26;2026-05;C11673;8;app;Android;Moda;112.79;DF;Nao;nps_ecommerce_2026-05.csv
202605-00493;2026-05-26;2026-05;C26610;6;app;iOS;Eletrônicos;174.08;RJ;Nao;nps_ecommerce_2026-05.csv
202605-00494;2026-05-26;2026-05;C23763;8;app;Desktop;Casa E Decoração;30.63;PE;Nao;nps_ecommerce_2026-05.csv
202605-00558;2026-05-26;2026-05;C36270;7;site;Android;Moda;159.46;BA;Nao;nps_ecommerce_2026-05.csv
202605-00561;2026-05-26;2026-05;C37075;8;site;Android;Livros;287.48;RJ;Sim;nps_ecommerce_2026-05.csv
202605-00635;2026-05-26;2026-05;C31918;9;marketplace;Android;Casa E Decoração;92.65;RJ;Sim;nps_ecommerce_2026-05.csv
202605-00644;2026-05-26;2026-05;C34971;7;app;iOS;Casa E Decoração;314.07;MG;Sim;nps_ecommerce_2026-05.csv
202605-00669;2026-05-26;2026-05;C32561;9;app;Android;Beleza;86.99;BA;Sim;nps_ecommerce_2026-05.csv
202605-00671;2026-05-26;2026-05;C19192;7;site;Android;Casa E Decoração;170.01;CE;Sim;nps_ecommerce_2026-05.csv
202605-00672;2026-05-26;2026-05;C30731;6;marketplace;Desktop;Livros;33.6;BA;Sim;nps_ecommerce_2026-05.csv
202605-00699;2026-05-26;2026-05;C13497;10;app;Desktop;Moda;86.73;PE;Nao;nps_ecommerce_2026-05.csv
202605-00713;2026-05-26;2026-05;C18758;7;site;Nao informado;Casa E Decoração;41.26;PR;Sim;nps_ecommerce_2026-05.csv
202605-00714;2026-05-26;2026-05;C10063;8;app;iOS;Esporte;565.3;CE;Nao;nps_ecommerce_2026-05.csv
202605-00715;2026-05-26;2026-05;C17586;8;site;Android;Casa E Decoração;116.72;CE;Nao;nps_ecommerce_2026-05.csv
202605-00727;2026-05-26;2026-05;C13532;4;marketplace;Desktop;Livros;57.06;DF;Nao;nps_ecommerce_2026-05.csv
202605-00743;2026-05-26;2026-05;C32963;5;app;iOS;Moda;39.71;CE;Sim;nps_ecommerce_2026-05.csv
202605-00055;2026-05-27;2026-05;C37961;10;app;Desktop;Beleza;242.21;MG;Sim;nps_ecommerce_2026-05.csv
202605-00059;2026-05-27;2026-05;C36663;7;app;Android;Beleza;103.47;SP;Sim;nps_ecommerce_2026-05.csv
202605-00201;2026-05-27;2026-05;C37778;4;marketplace;Desktop;Livros;206.49;PR;Nao;nps_ecommerce_2026-05.csv
202605-00223;2026-05-27;2026-05;C18237;9;app;Android;Mercado;472.88;RS;Sim;nps_ecommerce_2026-05.csv
202605-00265;2026-05-27;2026-05;C29093;8;marketplace;Android;Beleza;110.4;PE;Sim;nps_ecommerce_2026-05.csv
202605-00268;2026-05-27;2026-05;C28849;7;app;iOS;Moda;108.21;PR;Nao;nps_ecommerce_2026-05.csv
202605-00280;2026-05-27;2026-05;C26691;8;site;Desktop;Esporte;72.98;SP;Nao;nps_ecommerce_2026-05.csv
202605-00313;2026-05-27;2026-05;C35691;9;app;Android;Mercado;54.67;RJ;Nao;nps_ecommerce_2026-05.csv
202605-00344;2026-05-27;2026-05;C17009;8;site;Desktop;Mercado;116.43;SP;Nao;nps_ecommerce_2026-05.csv
202605-00382;2026-05-27;2026-05;C32110;10;site;Android;Beleza;51.62;RS;Sim;nps_ecommerce_2026-05.csv
202605-00384;2026-05-27;2026-05;C10052;7;app;Android;Eletrônicos;63.9;DF;Sim;nps_ecommerce_2026-05.csv
202605-00408;2026-05-27;2026-05;C25094;8;site;Android;Casa E Decoração;146.46;SP;Nao;nps_ecommerce_2026-05.csv
202605-00419;2026-05-27;2026-05;C24727;7;site;Desktop;Beleza;28.2;RS;Nao;nps_ecommerce_2026-05.csv
202605-00458;2026-05-27;2026-05;C15985;9;app;iOS;Moda;111.56;DF;Sim;nps_ecommerce_2026-05.csv
202605-00472;2026-05-27;2026-05;C14973;5;marketplace;Android;Esporte;216.22;PE;Sim;nps_ecommerce_2026-05.csv
202605-00499;2026-05-27;2026-05;C15160;7;app;iOS;Esporte;111.43;PE;Sim;nps_ecommerce_2026-05.csv
202605-00517;2026-05-27;2026-05;C13641;10;app;Android;Moda;55.98;CE;Nao;nps_ecommerce_2026-05.csv
202605-00556;2026-05-27;2026-05;C24383;8;marketplace;Android;Esporte;354.12;CE;Sim;nps_ecommerce_2026-05.csv
202605-00562;2026-05-27;2026-05;C11743;7;app;Android;Esporte;22.8;SP;Nao;nps_ecommerce_2026-05.csv
202605-00581;2026-05-27;2026-05;C22741;9;marketplace;Desktop;Livros;383.15;DF;Sim;nps_ecommerce_2026-05.csv
202605-00590;2026-05-27;2026-05;C37046;10;marketplace;Android;Esporte;156.41;SP;Sim;nps_ecommerce_2026-05.csv
202605-00594;2026-05-27;2026-05;C17483;1;marketplace;Desktop;Eletrônicos;78.19;PE;Sim;nps_ecommerce_2026-05.csv
202605-00597;2026-05-27;2026-05;C35533;6;app;Android;Livros;139.64;PR;Nao;nps_ecommerce_2026-05.csv
202605-00601;2026-05-27;2026-05;C39019;10;site;Desktop;Esporte;44.85;PE;Nao;nps_ecommerce_2026-05.csv
202605-00722;2026-05-27;2026-05;C32715;8;marketplace;Desktop;Eletrônicos;99.06;PR;Sim;nps_ecommerce_2026-05.csv
202605-00755;2026-05-27;2026-05;C30500;10;site;iOS;Casa E Decoração;91.72;PE;Nao;nps_ecommerce_2026-05.csv
202605-00757;2026-05-27;2026-05;C38407;9;app;Desktop;Beleza;139.71;SP;Nao;nps_ecommerce_2026-05.csv
202605-00771;2026-05-27;2026-05;C28044;9;app;iOS;Moda;68.22;PE;Nao;nps_ecommerce_2026-05.csv
202605-00785;2026-05-27;2026-05;C24489;7;site;Android;Livros;183.04;PE;Sim;nps_ecommerce_2026-05.csv
202605-00058;2026-05-28;2026-05;C15183;10;app;Android;Eletrônicos;340.65;SP;Sim;nps_ecommerce_2026-05.csv
202605-00120;2026-05-28;2026-05;C13388;5;site;Desktop;Eletrônicos;92.11;SP;Sim;nps_ecommerce_2026-05.csv
202605-00236;2026-05-28;2026-05;C33587;9;marketplace;iOS;Eletrônicos;21.3;SP;Sim;nps_ecommerce_2026-05.csv
202605-00239;2026-05-28;2026-05;C17218;10;app;iOS;Casa E Decoração;62.69;BA;Nao;nps_ecommerce_2026-05.csv
202605-00267;2026-05-28;2026-05;C38786;8;site;iOS;Beleza;128.25;RJ;Nao;nps_ecommerce_2026-05.csv
202605-00328;2026-05-28;2026-05;C13724;6;app;Android;Moda;49.44;CE;Nao;nps_ecommerce_2026-05.csv
202605-00341;2026-05-28;2026-05;C10008;10;app;Desktop;Eletrônicos;78.33;CE;Sim;nps_ecommerce_2026-05.csv
202605-00429;2026-05-28;2026-05;C27031;7;site;Desktop;Eletrônicos;109.38;PE;Nao;nps_ecommerce_2026-05.csv
202605-00446;2026-05-28;2026-05;C34289;5;app;iOS;Mercado;48.37;DF;Sim;nps_ecommerce_2026-05.csv
202605-00620;2026-05-28;2026-05;C35033;8;marketplace;Android;Casa E Decoração;102.93;DF;Sim;nps_ecommerce_2026-05.csv
202605-00627;2026-05-28;2026-05;C38490;5;app;Desktop;Casa E Decoração;109.79;SP;Nao;nps_ecommerce_2026-05.csv
202605-00650;2026-05-28;2026-05;C38209;7;app;iOS;Eletrônicos;58.68;SP;Sim;nps_ecommerce_2026-05.csv
202605-00662;2026-05-28;2026-05;C30715;8;site;Android;Beleza;151.13;PE;Sim;nps_ecommerce_2026-05.csv
202605-00720;2026-05-28;2026-05;C32293;8;app;iOS;Esporte;65.27;DF;Sim;nps_ecommerce_2026-05.csv
202605-00753;2026-05-28;2026-05;C36341;6;site;Android;Mercado;250.99;DF;Sim;nps_ecommerce_2026-05.csv
202605-00780;2026-05-28;2026-05;C23316;8;app;Android;Moda;70.56;PR;Sim;nps_ecommerce_2026-05.csv
202605-00783;2026-05-28;2026-05;C30154;6;site;iOS;Mercado;91.56;PE;Nao;nps_ecommerce_2026-05.csv
202606-00002;2026-06-01;2026-06;C34299;9;app;iOS;Mercado;81.0;RS;Sim;nps_ecommerce_2026-06.csv
202606-00010;2026-06-01;2026-06;C13070;9;site;iOS;Moda;173.41;CE;Sim;nps_ecommerce_2026-06.csv
202606-00013;2026-06-01;2026-06;C28390;7;app;iOS;Beleza;108.15;CE;Nao;nps_ecommerce_2026-06.csv
202606-00020;2026-06-01;2026-06;C34864;7;app;iOS;Casa E Decoração;97.64;RS;Sim;nps_ecommerce_2026-06.csv
202606-00104;2026-06-01;2026-06;C33661;8;marketplace;iOS;Livros;279.93;SP;Sim;nps_ecommerce_2026-06.csv
202606-00188;2026-06-01;2026-06;C13056;7;app;Desktop;Mercado;54.64;MG;Nao;nps_ecommerce_2026-06.csv
202606-00236;2026-06-01;2026-06;C25017;5;app;Android;Moda;73.83;PR;Sim;nps_ecommerce_2026-06.csv
202606-00250;2026-06-01;2026-06;C31884;5;site;Android;Livros;50.61;PR;Nao;nps_ecommerce_2026-06.csv
202606-00270;2026-06-01;2026-06;C20929;8;app;iOS;Beleza;42.17;CE;Sim;nps_ecommerce_2026-06.csv
202606-00340;2026-06-01;2026-06;C27036;8;site;iOS;Casa E Decoração;77.31;CE;Sim;nps_ecommerce_2026-06.csv
202606-00364;2026-06-01;2026-06;C19957;5;site;Android;Esporte;88.62;BA;Nao;nps_ecommerce_2026-06.csv
202606-00384;2026-06-01;2026-06;C11514;5;app;Android;Casa E Decoração;344.03;SP;Nao;nps_ecommerce_2026-06.csv
202606-00447;2026-06-01;2026-06;C21526;10;site;Android;Eletrônicos;23.99;RJ;Nao;nps_ecommerce_2026-06.csv
202606-00458;2026-06-01;2026-06;C22742;9;app;Desktop;Moda;35.92;DF;Nao;nps_ecommerce_2026-06.csv
202606-00465;2026-06-01;2026-06;C39718;6;app;Android;Esporte;151.72;PE;Nao;nps_ecommerce_2026-06.csv
202606-00468;2026-06-01;2026-06;C12750;10;marketplace;Android;Beleza;24.46;RS;Nao;nps_ecommerce_2026-06.csv
202606-00503;2026-06-01;2026-06;C20222;5;app;iOS;Beleza;62.27;RS;Sim;nps_ecommerce_2026-06.csv
202606-00591;2026-06-01;2026-06;C33200;4;app;Android;Eletrônicos;121.08;CE;Nao;nps_ecommerce_2026-06.csv
202606-00698;2026-06-01;2026-06;C31550;8;site;Desktop;Casa E Decoração;138.35;MG;Sim;nps_ecommerce_2026-06.csv
202606-00716;2026-06-01;2026-06;C28096;7;marketplace;Desktop;Casa E Decoração;222.01;BA;Sim;nps_ecommerce_2026-06.csv
202606-00817;2026-06-01;2026-06;C39455;9;site;Android;Esporte;217.12;SP;Sim;nps_ecommerce_2026-06.csv
202606-00031;2026-06-02;2026-06;C33911;6;marketplace;Android;Beleza;128.28;DF;Sim;nps_ecommerce_2026-06.csv
202606-00064;2026-06-02;2026-06;C17505;10;app;Android;Mercado;397.28;SP;Nao;nps_ecommerce_2026-06.csv
202606-00086;2026-06-02;2026-06;C38216;7;app;iOS;Livros;59.56;SP;Sim;nps_ecommerce_2026-06.csv
202606-00173;2026-06-02;2026-06;C23193;4;app;Android;Eletrônicos;24.04;PR;Nao;nps_ecommerce_2026-06.csv
202606-00186;2026-06-02;2026-06;C31369;8;marketplace;Android;Casa E Decoração;96.59;RJ;Nao;nps_ecommerce_2026-06.csv
202606-00195;2026-06-02;2026-06;C15394;5;marketplace;Android;Mercado;228.12;MG;Nao;nps_ecommerce_2026-06.csv
202606-00210;2026-06-02;2026-06;C11643;5;app;Android;Esporte;24.33;SP;Nao;nps_ecommerce_2026-06.csv
202606-00214;2026-06-02;2026-06;C26640;7;site;Desktop;Moda;53.6;RJ;Sim;nps_ecommerce_2026-06.csv
202606-00223;2026-06-02;2026-06;C30295;7;site;Android;Beleza;267.03;BA;Sim;nps_ecommerce_2026-06.csv
202606-00330;2026-06-02;2026-06;C13552;5;marketplace;Android;Beleza;275.67;SP;Sim;nps_ecommerce_2026-06.csv
202606-00403;2026-06-02;2026-06;C28265;10;site;Android;Mercado;58.41;RJ;Nao;nps_ecommerce_2026-06.csv
202606-00439;2026-06-02;2026-06;C16777;8;app;Desktop;Casa E Decoração;37.66;MG;Nao;nps_ecommerce_2026-06.csv
202606-00472;2026-06-02;2026-06;C18524;8;site;Desktop;Esporte;330.7;RS;Nao;nps_ecommerce_2026-06.csv
202606-00483;2026-06-02;2026-06;C21467;9;marketplace;Android;Moda;125.59;BA;Sim;nps_ecommerce_2026-06.csv
202606-00594;2026-06-02;2026-06;C28132;8;site;iOS;Livros;381.98;PE;Nao;nps_ecommerce_2026-06.csv
202606-00610;2026-06-02;2026-06;C14971;4;app;Android;Livros;181.93;PR;Nao;nps_ecommerce_2026-06.csv
202606-00625;2026-06-02;2026-06;C29976;6;app;Android;Eletrônicos;563.12;SP;Sim;nps_ecommerce_2026-06.csv
202606-00637;2026-06-02;2026-06;C17585;8;app;Desktop;Eletrônicos;115.54;SP;Sim;nps_ecommerce_2026-06.csv
202606-00664;2026-06-02;2026-06;C39144;5;app;iOS;Eletrônicos;23.69;DF;Nao;nps_ecommerce_2026-06.csv
202606-00692;2026-06-02;2026-06;C24903;5;app;iOS;Eletrônicos;199.76;RJ;Nao;nps_ecommerce_2026-06.csv
202606-00701;2026-06-02;2026-06;C16146;7;site;Android;Casa E Decoração;62.76;MG;Nao;nps_ecommerce_2026-06.csv
202606-00706;2026-06-02;2026-06;C16670;7;app;iOS;Moda;130.95;BA;Sim;nps_ecommerce_2026-06.csv
202606-00757;2026-06-02;2026-06;C20426;8;app;iOS;Moda;95.83;CE;Sim;nps_ecommerce_2026-06.csv
202606-00799;2026-06-02;2026-06;C20629;10;marketplace;Android;Casa E Decoração;58.46;PE;Nao;nps_ecommerce_2026-06.csv
202606-00008;2026-06-03;2026-06;C29349;6;app;Android;Casa E Decoração;116.68;RS;Sim;nps_ecommerce_2026-06.csv
202606-00034;2026-06-03;2026-06;C28089;10;marketplace;Android;Livros;190.14;PE;Sim;nps_ecommerce_2026-06.csv
202606-00040;2026-06-03;2026-06;C11501;8;app;Android;Moda;107.65;RS;Sim;nps_ecommerce_2026-06.csv
202606-00043;2026-06-03;2026-06;C38027;6;app;Desktop;Moda;157.54;CE;Sim;nps_ecommerce_2026-06.csv
202606-00068;2026-06-03;2026-06;C16913;7;site;iOS;Moda;48.31;BA;Nao;nps_ecommerce_2026-06.csv
202606-00085;2026-06-03;2026-06;C34765;6;site;Android;Livros;62.04;CE;Sim;nps_ecommerce_2026-06.csv
202606-00091;2026-06-03;2026-06;C22608;8;app;iOS;Mercado;28.4;SP;Sim;nps_ecommerce_2026-06.csv
202606-00126;2026-06-03;2026-06;C33983;7;marketplace;Desktop;Livros;91.66;MG;Sim;nps_ecommerce_2026-06.csv
202606-00128;2026-06-03;2026-06;C34923;6;app;Android;Mercado;84.74;SP;Nao;nps_ecommerce_2026-06.csv
202606-00150;2026-06-03;2026-06;C33194;10;marketplace;Android;Mercado;60.66;BA;Sim;nps_ecommerce_2026-06.csv
202606-00155;2026-06-03;2026-06;C26847;4;site;iOS;Eletrônicos;972.05;RS;Sim;nps_ecommerce_2026-06.csv
202606-00215;2026-06-03;2026-06;C37896;5;site;iOS;Livros;84.64;SP;Nao;nps_ecommerce_2026-06.csv
202606-00224;2026-06-03;2026-06;C23737;5;marketplace;Android;Mercado;173.02;RJ;Nao;nps_ecommerce_2026-06.csv
202606-00267;2026-06-03;2026-06;C30784;9;site;Desktop;Eletrônicos;35.79;CE;Sim;nps_ecommerce_2026-06.csv
202606-00321;2026-06-03;2026-06;C35340;1;site;Desktop;Moda;426.74;SP;Sim;nps_ecommerce_2026-06.csv
202606-00379;2026-06-03;2026-06;C36818;6;app;Android;Moda;316.92;RJ;Sim;nps_ecommerce_2026-06.csv
202606-00431;2026-06-03;2026-06;C14534;7;site;Android;Esporte;59.33;BA;Nao;nps_ecommerce_2026-06.csv
202606-00485;2026-06-03;2026-06;C35599;10;app;Desktop;Beleza;85.29;PE;Sim;nps_ecommerce_2026-06.csv
202606-00556;2026-06-03;2026-06;C17908;5;site;Android;Beleza;159.05;PR;Sim;nps_ecommerce_2026-06.csv
202606-00564;2026-06-03;2026-06;C19641;8;site;Android;Moda;186.95;DF;Sim;nps_ecommerce_2026-06.csv
202606-00608;2026-06-03;2026-06;C28907;8;app;iOS;Eletrônicos;15.03;CE;Sim;nps_ecommerce_2026-06.csv
202606-00613;2026-06-03;2026-06;C18132;9;app;Android;Esporte;466.85;RS;Nao;nps_ecommerce_2026-06.csv
202606-00630;2026-06-03;2026-06;C15146;6;app;iOS;Casa E Decoração;100.06;BA;Nao;nps_ecommerce_2026-06.csv
202606-00641;2026-06-03;2026-06;C32524;5;site;Android;Eletrônicos;172.08;MG;Nao;nps_ecommerce_2026-06.csv
202606-00652;2026-06-03;2026-06;C11954;7;app;iOS;Esporte;116.33;PR;Sim;nps_ecommerce_2026-06.csv
202606-00663;2026-06-03;2026-06;C29596;6;app;Desktop;Casa E Decoração;28.66;RJ;Sim;nps_ecommerce_2026-06.csv
202606-00668;2026-06-03;2026-06;C17501;6;app;iOS;Mercado;117.85;BA;Nao;nps_ecommerce_2026-06.csv
202606-00682;2026-06-03;2026-06;C25401;9;app;Android;Esporte;88.95;PE;Nao;nps_ecommerce_2026-06.csv
202606-00693;2026-06-03;2026-06;C20306;7;site;Android;Mercado;137.73;DF;Nao;nps_ecommerce_2026-06.csv
202606-00775;2026-06-03;2026-06;C25384;10;app;Android;Beleza;45.36;DF;Nao;nps_ecommerce_2026-06.csv
202606-00792;2026-06-03;2026-06;C24220;8;app;Nao informado;Livros;45.36;SP;Nao;nps_ecommerce_2026-06.csv
202606-00808;2026-06-03;2026-06;C29971;7;site;Android;Beleza;75.68;DF;Sim;nps_ecommerce_2026-06.csv
202606-00026;2026-06-04;2026-06;C13039;10;marketplace;Android;Esporte;324.28;CE;Sim;nps_ecommerce_2026-06.csv
202606-00033;2026-06-04;2026-06;C22403;5;marketplace;iOS;Mercado;81.78;SP;Nao;nps_ecommerce_2026-06.csv
202606-00045;2026-06-04;2026-06;C22455;9;app;Desktop;Esporte;25.48;CE;Nao;nps_ecommerce_2026-06.csv
202606-00087;2026-06-04;2026-06;C15008;10;app;iOS;Eletrônicos;89.13;RJ;Sim;nps_ecommerce_2026-06.csv
202606-00097;2026-06-04;2026-06;C32338;4;app;iOS;Moda;247.36;PE;Nao;nps_ecommerce_2026-06.csv
202606-00109;2026-06-04;2026-06;C38525;8;app;Android;Esporte;110.35;PR;Nao;nps_ecommerce_2026-06.csv
202606-00120;2026-06-04;2026-06;C21894;8;app;iOS;Casa E Decoração;484.06;PE;Nao;nps_ecommerce_2026-06.csv
202606-00144;2026-06-04;2026-06;C18123;7;site;Nao informado;Beleza;260.89;MG;Nao;nps_ecommerce_2026-06.csv
202606-00166;2026-06-04;2026-06;C31593;8;site;Android;Casa E Decoração;63.65;BA;Sim;nps_ecommerce_2026-06.csv
202606-00176;2026-06-04;2026-06;C18147;7;app;Android;Moda;102.45;CE;Sim;nps_ecommerce_2026-06.csv
202606-00220;2026-06-04;2026-06;C39172;9;app;Android;Eletrônicos;33.24;RS;Nao;nps_ecommerce_2026-06.csv
202606-00238;2026-06-04;2026-06;C12400;10;app;Android;Casa E Decoração;26.28;CE;Sim;nps_ecommerce_2026-06.csv
202606-00253;2026-06-04;2026-06;C38774;7;app;Android;Esporte;81.94;RS;Nao;nps_ecommerce_2026-06.csv
202606-00255;2026-06-04;2026-06;C39154;7;site;iOS;Esporte;181.59;SP;Nao;nps_ecommerce_2026-06.csv
202606-00256;2026-06-04;2026-06;C34327;10;app;Nao informado;Casa E Decoração;287.52;SP;Nao;nps_ecommerce_2026-06.csv
202606-00277;2026-06-04;2026-06;C12465;5;app;Desktop;Beleza;194.09;SP;Nao;nps_ecommerce_2026-06.csv
202606-00291;2026-06-04;2026-06;C21589;6;app;Android;Mercado;42.33;MG;Nao;nps_ecommerce_2026-06.csv
202606-00309;2026-06-04;2026-06;C22535;6;site;Android;Moda;106.51;SP;Nao;nps_ecommerce_2026-06.csv
202606-00327;2026-06-04;2026-06;C38738;10;site;iOS;Beleza;34.15;CE;Nao;nps_ecommerce_2026-06.csv
202606-00350;2026-06-04;2026-06;C33584;10;site;iOS;Moda;158.69;DF;Nao;nps_ecommerce_2026-06.csv
202606-00405;2026-06-04;2026-06;C24957;4;app;Desktop;Eletrônicos;257.73;DF;Sim;nps_ecommerce_2026-06.csv
202606-00493;2026-06-04;2026-06;C28480;10;marketplace;Desktop;Beleza;95.69;DF;Sim;nps_ecommerce_2026-06.csv
202606-00502;2026-06-04;2026-06;C28962;6;app;Android;Mercado;44.1;MG;Sim;nps_ecommerce_2026-06.csv
202606-00524;2026-06-04;2026-06;C24205;5;app;iOS;Eletrônicos;171.93;PE;Nao;nps_ecommerce_2026-06.csv
202606-00587;2026-06-04;2026-06;C37283;7;app;Android;Esporte;35.42;SP;Nao;nps_ecommerce_2026-06.csv
202606-00614;2026-06-04;2026-06;C28286;4;site;Desktop;Moda;20.74;CE;Nao;nps_ecommerce_2026-06.csv
202606-00695;2026-06-04;2026-06;C35314;8;app;Android;Livros;564.69;MG;Sim;nps_ecommerce_2026-06.csv
202606-00711;2026-06-04;2026-06;C10945;10;app;Android;Moda;176.88;MG;Nao;nps_ecommerce_2026-06.csv
202606-00793;2026-06-04;2026-06;C34915;7;site;Desktop;Beleza;19.42;DF;Nao;nps_ecommerce_2026-06.csv
202606-00024;2026-06-05;2026-06;C17055;7;marketplace;iOS;Moda;106.37;CE;Sim;nps_ecommerce_2026-06.csv
202606-00130;2026-06-05;2026-06;C14207;10;app;Android;Beleza;242.16;MG;Sim;nps_ecommerce_2026-06.csv
202606-00159;2026-06-05;2026-06;C33702;9;app;Android;Livros;102.62;SP;Sim;nps_ecommerce_2026-06.csv
202606-00179;2026-06-05;2026-06;C23824;9;app;Android;Mercado;327.28;MG;Nao;nps_ecommerce_2026-06.csv
202606-00241;2026-06-05;2026-06;C21436;9;marketplace;Desktop;Eletrônicos;111.36;MG;Nao;nps_ecommerce_2026-06.csv
202606-00254;2026-06-05;2026-06;C18666;9;site;Android;Livros;77.95;BA;Sim;nps_ecommerce_2026-06.csv
202606-00283;2026-06-05;2026-06;C24083;8;app;Desktop;Beleza;174.58;SP;Nao;nps_ecommerce_2026-06.csv
202606-00284;2026-06-05;2026-06;C11370;7;app;Desktop;Livros;637.09;PE;Sim;nps_ecommerce_2026-06.csv
202606-00394;2026-06-05;2026-06;C31497;5;marketplace;Android;Casa E Decoração;42.38;BA;Nao;nps_ecommerce_2026-06.csv
202606-00406;2026-06-05;2026-06;C36260;7;app;iOS;Mercado;40.73;RS;Nao;nps_ecommerce_2026-06.csv
202606-00432;2026-06-05;2026-06;C17577;9;marketplace;Desktop;Eletrônicos;124.04;PE;Nao;nps_ecommerce_2026-06.csv
202606-00434;2026-06-05;2026-06;C33147;7;marketplace;Android;Esporte;82.83;DF;Sim;nps_ecommerce_2026-06.csv
202606-00470;2026-06-05;2026-06;C38404;4;app;Android;Moda;173.54;SP;Sim;nps_ecommerce_2026-06.csv
202606-00528;2026-06-05;2026-06;C24270;4;app;Android;Eletrônicos;28.44;RS;Sim;nps_ecommerce_2026-06.csv
202606-00596;2026-06-05;2026-06;C30901;7;site;iOS;Mercado;14.97;SP;Nao;nps_ecommerce_2026-06.csv
202606-00611;2026-06-05;2026-06;C36579;10;app;iOS;Casa E Decoração;289.38;BA;Sim;nps_ecommerce_2026-06.csv
202606-00708;2026-06-05;2026-06;C19438;10;site;Android;Mercado;120.41;RJ;Sim;nps_ecommerce_2026-06.csv
202606-00722;2026-06-05;2026-06;C26330;7;app;iOS;Mercado;436.9;PR;Sim;nps_ecommerce_2026-06.csv
202606-00765;2026-06-05;2026-06;C26459;9;app;Desktop;Esporte;212.91;CE;Nao;nps_ecommerce_2026-06.csv
202606-00803;2026-06-05;2026-06;C18001;4;app;iOS;Eletrônicos;99.27;DF;Sim;nps_ecommerce_2026-06.csv
202606-00813;2026-06-05;2026-06;C17608;6;marketplace;Desktop;Eletrônicos;188.34;SP;Sim;nps_ecommerce_2026-06.csv
202606-00055;2026-06-06;2026-06;C27502;7;site;Desktop;Livros;323.79;CE;Nao;nps_ecommerce_2026-06.csv
202606-00057;2026-06-06;2026-06;C25147;8;site;Desktop;Beleza;40.44;PR;Nao;nps_ecommerce_2026-06.csv
202606-00103;2026-06-06;2026-06;C24867;8;marketplace;Android;Esporte;26.43;SP;Nao;nps_ecommerce_2026-06.csv
202606-00115;2026-06-06;2026-06;C27674;8;app;iOS;Esporte;78.51;SP;Nao;nps_ecommerce_2026-06.csv
202606-00180;2026-06-06;2026-06;C19127;9;app;iOS;Moda;119.46;PE;Sim;nps_ecommerce_2026-06.csv
202606-00191;2026-06-06;2026-06;C23317;9;app;Android;Casa E Decoração;386.01;SP;Sim;nps_ecommerce_2026-06.csv
202606-00216;2026-06-06;2026-06;C12245;8;app;iOS;Beleza;88.97;RJ;Sim;nps_ecommerce_2026-06.csv
202606-00245;2026-06-06;2026-06;C24358;10;site;iOS;Esporte;102.92;SP;Nao;nps_ecommerce_2026-06.csv
202606-00273;2026-06-06;2026-06;C34288;4;site;Android;Eletrônicos;445.99;DF;Sim;nps_ecommerce_2026-06.csv
202606-00299;2026-06-06;2026-06;C38882;5;site;iOS;Beleza;65.83;SP;Nao;nps_ecommerce_2026-06.csv
202606-00301;2026-06-06;2026-06;C34135;6;app;Android;Casa E Decoração;158.81;RS;Nao;nps_ecommerce_2026-06.csv
202606-00417;2026-06-06;2026-06;C34368;6;app;iOS;Beleza;115.49;PR;Nao;nps_ecommerce_2026-06.csv
202606-00462;2026-06-06;2026-06;C37541;6;app;Android;Casa E Decoração;143.07;PE;Sim;nps_ecommerce_2026-06.csv
202606-00497;2026-06-06;2026-06;C29853;6;app;Android;Casa E Decoração;61.05;BA;Nao;nps_ecommerce_2026-06.csv
202606-00501;2026-06-06;2026-06;C20192;5;app;iOS;Beleza;97.24;BA;Sim;nps_ecommerce_2026-06.csv
202606-00529;2026-06-06;2026-06;C34045;9;site;Android;Beleza;18.59;BA;Sim;nps_ecommerce_2026-06.csv
202606-00581;2026-06-06;2026-06;C16276;8;app;Android;Casa E Decoração;270.06;SP;Sim;nps_ecommerce_2026-06.csv
202606-00590;2026-06-06;2026-06;C19904;6;app;Android;Beleza;34.1;SP;Nao;nps_ecommerce_2026-06.csv
202606-00603;2026-06-06;2026-06;C11683;7;app;Android;Beleza;14.97;CE;Nao;nps_ecommerce_2026-06.csv
202606-00633;2026-06-06;2026-06;C10087;6;app;iOS;Casa E Decoração;171.05;RS;Sim;nps_ecommerce_2026-06.csv
202606-00653;2026-06-06;2026-06;C35972;10;app;Android;Moda;308.81;CE;Sim;nps_ecommerce_2026-06.csv
202606-00676;2026-06-06;2026-06;C25417;6;app;iOS;Mercado;442.94;CE;Sim;nps_ecommerce_2026-06.csv
202606-00679;2026-06-06;2026-06;C29180;7;app;Desktop;Beleza;113.74;DF;Nao;nps_ecommerce_2026-06.csv
202606-00807;2026-06-06;2026-06;C15736;9;app;Android;Moda;105.16;MG;Nao;nps_ecommerce_2026-06.csv
202606-00011;2026-06-07;2026-06;C17623;8;app;Desktop;Moda;36.95;DF;Nao;nps_ecommerce_2026-06.csv
202606-00014;2026-06-07;2026-06;C33462;6;app;Desktop;Livros;76.41;PE;Sim;nps_ecommerce_2026-06.csv
202606-00039;2026-06-07;2026-06;C33087;6;app;Desktop;Moda;64.61;MG;Nao;nps_ecommerce_2026-06.csv
202606-00050;2026-06-07;2026-06;C31960;8;app;Android;Eletrônicos;70.7;BA;Sim;nps_ecommerce_2026-06.csv
202606-00113;2026-06-07;2026-06;C15008;10;app;iOS;Beleza;73.92;PE;Sim;nps_ecommerce_2026-06.csv
202606-00158;2026-06-07;2026-06;C27669;10;marketplace;Android;Moda;286.44;RS;Sim;nps_ecommerce_2026-06.csv
202606-00165;2026-06-07;2026-06;C13090;10;app;Android;Beleza;148.59;PR;Sim;nps_ecommerce_2026-06.csv
202606-00177;2026-06-07;2026-06;C16232;8;site;iOS;Casa E Decoração;352.34;SP;Nao;nps_ecommerce_2026-06.csv
202606-00193;2026-06-07;2026-06;C38332;10;app;iOS;Moda;93.76;RJ;Nao;nps_ecommerce_2026-06.csv
202606-00205;2026-06-07;2026-06;C19722;8;site;iOS;Beleza;241.96;MG;Sim;nps_ecommerce_2026-06.csv
202606-00206;2026-06-07;2026-06;C11916;6;app;Android;Beleza;74.65;RJ;Nao;nps_ecommerce_2026-06.csv
202606-00228;2026-06-07;2026-06;C31945;10;app;Nao informado;Mercado;942.81;SP;Nao;nps_ecommerce_2026-06.csv
202606-00261;2026-06-07;2026-06;C32527;2;site;iOS;Moda;49.34;BA;Sim;nps_ecommerce_2026-06.csv
202606-00289;2026-06-07;2026-06;C32349;8;site;iOS;Beleza;106.3;SP;Nao;nps_ecommerce_2026-06.csv
202606-00345;2026-06-07;2026-06;C21934;10;marketplace;iOS;Beleza;159.84;RJ;Nao;nps_ecommerce_2026-06.csv
202606-00357;2026-06-07;2026-06;C23777;7;site;iOS;Esporte;120.77;PE;Nao;nps_ecommerce_2026-06.csv
202606-00371;2026-06-07;2026-06;C26750;10;app;Android;Beleza;81.4;MG;Sim;nps_ecommerce_2026-06.csv
202606-00383;2026-06-07;2026-06;C14828;8;app;iOS;Casa E Decoração;85.01;RJ;Sim;nps_ecommerce_2026-06.csv
202606-00435;2026-06-07;2026-06;C12104;6;site;iOS;Beleza;600.9;BA;Sim;nps_ecommerce_2026-06.csv
202606-00474;2026-06-07;2026-06;C24899;10;app;Desktop;Eletrônicos;397.14;PE;Nao;nps_ecommerce_2026-06.csv
202606-00494;2026-06-07;2026-06;C25238;10;app;iOS;Livros;28.23;CE;Sim;nps_ecommerce_2026-06.csv
202606-00507;2026-06-07;2026-06;C12490;6;app;iOS;Beleza;66.7;DF;Sim;nps_ecommerce_2026-06.csv
202606-00582;2026-06-07;2026-06;C34202;6;app;iOS;Esporte;153.37;RS;Nao;nps_ecommerce_2026-06.csv
202606-00588;2026-06-07;2026-06;C19707;7;site;Android;Beleza;21.9;PR;Sim;nps_ecommerce_2026-06.csv
202606-00004;2026-06-08;2026-06;C14572;7;app;Android;Livros;60.29;PE;Nao;nps_ecommerce_2026-06.csv
202606-00017;2026-06-08;2026-06;C24719;7;site;Android;Livros;100.46;CE;Sim;nps_ecommerce_2026-06.csv
202606-00044;2026-06-08;2026-06;C38392;6;app;Android;Esporte;217.97;PR;Sim;nps_ecommerce_2026-06.csv
202606-00061;2026-06-08;2026-06;C32433;10;app;Android;Beleza;52.38;DF;Nao;nps_ecommerce_2026-06.csv
202606-00077;2026-06-08;2026-06;C34411;6;app;iOS;Moda;259.24;CE;Sim;nps_ecommerce_2026-06.csv
202606-00083;2026-06-08;2026-06;C14532;4;app;Android;Beleza;60.76;MG;Nao;nps_ecommerce_2026-06.csv
202606-00123;2026-06-08;2026-06;C11898;10;app;Android;Moda;134.11;MG;Nao;nps_ecommerce_2026-06.csv
202606-00124;2026-06-08;2026-06;C38770;6;app;Desktop;Beleza;32.43;RJ;Sim;nps_ecommerce_2026-06.csv
202606-00145;2026-06-08;2026-06;C12098;10;site;Desktop;Beleza;414.38;PE;Sim;nps_ecommerce_2026-06.csv
202606-00148;2026-06-08;2026-06;C29282;5;marketplace;iOS;Casa E Decoração;82.48;BA;Nao;nps_ecommerce_2026-06.csv
202606-00149;2026-06-08;2026-06;C10235;7;app;iOS;Casa E Decoração;57.07;DF;Sim;nps_ecommerce_2026-06.csv
202606-00152;2026-06-08;2026-06;C12208;8;app;iOS;Mercado;176.76;PE;Sim;nps_ecommerce_2026-06.csv
202606-00156;2026-06-08;2026-06;C19125;8;app;iOS;Mercado;62.02;DF;Nao;nps_ecommerce_2026-06.csv
202606-00219;2026-06-08;2026-06;C23230;10;app;Android;Beleza;55.75;SP;Nao;nps_ecommerce_2026-06.csv
202606-00230;2026-06-08;2026-06;C18703;8;app;Android;Mercado;244.21;PR;Nao;nps_ecommerce_2026-06.csv
202606-00290;2026-06-08;2026-06;C31854;6;site;Desktop;Mercado;215.44;PE;Nao;nps_ecommerce_2026-06.csv
202606-00312;2026-06-08;2026-06;C16539;7;site;Desktop;Esporte;19.25;RJ;Nao;nps_ecommerce_2026-06.csv
202606-00317;2026-06-08;2026-06;C10775;6;site;Android;Eletrônicos;18.5;BA;Sim;nps_ecommerce_2026-06.csv
202606-00382;2026-06-08;2026-06;C36429;7;app;iOS;Mercado;114.63;RJ;Sim;nps_ecommerce_2026-06.csv
202606-00385;2026-06-08;2026-06;C25569;9;site;Nao informado;Casa E Decoração;23.73;MG;Nao;nps_ecommerce_2026-06.csv
202606-00400;2026-06-08;2026-06;C15763;4;marketplace;iOS;Casa E Decoração;64.5;PE;Sim;nps_ecommerce_2026-06.csv
202606-00404;2026-06-08;2026-06;C37798;8;site;Android;Casa E Decoração;359.71;DF;Nao;nps_ecommerce_2026-06.csv
202606-00425;2026-06-08;2026-06;C18998;10;app;iOS;Eletrônicos;256.66;CE;Sim;nps_ecommerce_2026-06.csv
202606-00428;2026-06-08;2026-06;C18903;7;app;Desktop;Beleza;85.48;PR;Sim;nps_ecommerce_2026-06.csv
202606-00455;2026-06-08;2026-06;C25998;4;site;Desktop;Moda;294.49;MG;Nao;nps_ecommerce_2026-06.csv
202606-00456;2026-06-08;2026-06;C18943;6;app;iOS;Beleza;64.23;CE;Sim;nps_ecommerce_2026-06.csv
202606-00484;2026-06-08;2026-06;C31303;4;app;Desktop;Moda;209.24;BA;Nao;nps_ecommerce_2026-06.csv
202606-00488;2026-06-08;2026-06;C16532;4;app;iOS;Livros;72.85;SP;Sim;nps_ecommerce_2026-06.csv
202606-00491;2026-06-08;2026-06;C14136;7;app;Android;Livros;90.02;MG;Nao;nps_ecommerce_2026-06.csv
202606-00510;2026-06-08;2026-06;C13339;8;marketplace;Desktop;Casa E Decoração;195.52;RJ;Nao;nps_ecommerce_2026-06.csv
202606-00538;2026-06-08;2026-06;C37221;10;app;Android;Livros;513.59;MG;Sim;nps_ecommerce_2026-06.csv
202606-00565;2026-06-08;2026-06;C23251;10;app;iOS;Beleza;38.15;RJ;Sim;nps_ecommerce_2026-06.csv
202606-00576;2026-06-08;2026-06;C13953;9;app;iOS;Casa E Decoração;14.97;CE;Nao;nps_ecommerce_2026-06.csv
202606-00589;2026-06-08;2026-06;C21825;10;site;Desktop;Mercado;93.27;RJ;Nao;nps_ecommerce_2026-06.csv
202606-00618;2026-06-08;2026-06;C35417;8;app;iOS;Livros;532.24;SP;Sim;nps_ecommerce_2026-06.csv
202606-00631;2026-06-08;2026-06;C15695;6;site;Desktop;Livros;41.18;PR;Nao;nps_ecommerce_2026-06.csv
202606-00642;2026-06-08;2026-06;C18668;9;site;iOS;Esporte;46.51;SP;Nao;nps_ecommerce_2026-06.csv
202606-00718;2026-06-08;2026-06;C37571;7;app;Android;Beleza;71.5;CE;Sim;nps_ecommerce_2026-06.csv
202606-00728;2026-06-08;2026-06;C24967;3;site;Android;Moda;63.24;MG;Nao;nps_ecommerce_2026-06.csv
202606-00755;2026-06-08;2026-06;C38049;10;app;iOS;Esporte;197.24;SP;Nao;nps_ecommerce_2026-06.csv
202606-00789;2026-06-08;2026-06;C30681;8;app;Android;Moda;64.47;PR;Nao;nps_ecommerce_2026-06.csv
202606-00791;2026-06-08;2026-06;C34470;8;site;Desktop;Mercado;156.95;PR;Nao;nps_ecommerce_2026-06.csv
202606-00811;2026-06-08;2026-06;C26307;10;app;Android;Eletrônicos;208.04;DF;Sim;nps_ecommerce_2026-06.csv
202606-00003;2026-06-09;2026-06;C18024;6;app;Android;Eletrônicos;21.17;RJ;Sim;nps_ecommerce_2026-06.csv
202606-00030;2026-06-09;2026-06;C36447;10;site;iOS;Eletrônicos;203.07;SP;Sim;nps_ecommerce_2026-06.csv
202606-00046;2026-06-09;2026-06;C24857;5;app;Android;Moda;64.67;RS;Nao;nps_ecommerce_2026-06.csv
202606-00051;2026-06-09;2026-06;C32997;10;app;Desktop;Moda;128.77;SP;Sim;nps_ecommerce_2026-06.csv
202606-00076;2026-06-09;2026-06;C14575;7;app;Desktop;Moda;106.27;DF;Nao;nps_ecommerce_2026-06.csv
202606-00079;2026-06-09;2026-06;C34478;10;app;Desktop;Mercado;21.59;MG;Nao;nps_ecommerce_2026-06.csv
202606-00094;2026-06-09;2026-06;C28128;6;app;Desktop;Esporte;44.18;BA;Nao;nps_ecommerce_2026-06.csv
202606-00106;2026-06-09;2026-06;C26403;10;app;Android;Beleza;135.03;DF;Sim;nps_ecommerce_2026-06.csv
202606-00133;2026-06-09;2026-06;C27290;6;app;iOS;Casa E Decoração;59.57;MG;Nao;nps_ecommerce_2026-06.csv
202606-00258;2026-06-09;2026-06;C19232;8;site;Android;Mercado;462.74;PR;Nao;nps_ecommerce_2026-06.csv
202606-00263;2026-06-09;2026-06;C26561;9;marketplace;Android;Eletrônicos;27.9;PR;Sim;nps_ecommerce_2026-06.csv
202606-00269;2026-06-09;2026-06;C11444;7;site;iOS;Livros;81.56;RS;Sim;nps_ecommerce_2026-06.csv
202606-00307;2026-06-09;2026-06;C15216;7;app;Android;Eletrônicos;38.74;DF;Sim;nps_ecommerce_2026-06.csv
202606-00320;2026-06-09;2026-06;C38323;9;site;Desktop;Casa E Decoração;25.61;RS;Nao;nps_ecommerce_2026-06.csv
202606-00322;2026-06-09;2026-06;C21506;7;app;iOS;Beleza;224.15;DF;Sim;nps_ecommerce_2026-06.csv
202606-00328;2026-06-09;2026-06;C15851;9;site;Android;Livros;228.7;BA;Sim;nps_ecommerce_2026-06.csv
202606-00338;2026-06-09;2026-06;C11454;7;app;Android;Mercado;61.36;RJ;Sim;nps_ecommerce_2026-06.csv
202606-00422;2026-06-09;2026-06;C35094;4;site;Android;Esporte;117.25;PR;Sim;nps_ecommerce_2026-06.csv
202606-00531;2026-06-09;2026-06;C30182;8;marketplace;Android;Eletrônicos;73.47;CE;Sim;nps_ecommerce_2026-06.csv
202606-00540;2026-06-09;2026-06;C38889;6;app;Android;Mercado;113.8;BA;Sim;nps_ecommerce_2026-06.csv
202606-00550;2026-06-09;2026-06;C21152;9;app;Desktop;Casa E Decoração;14.97;DF;Nao;nps_ecommerce_2026-06.csv
202606-00551;2026-06-09;2026-06;C38846;7;app;Android;Mercado;14.97;CE;Sim;nps_ecommerce_2026-06.csv
202606-00593;2026-06-09;2026-06;C11491;5;app;Android;Eletrônicos;157.62;RS;Sim;nps_ecommerce_2026-06.csv
202606-00604;2026-06-09;2026-06;C38236;7;app;Android;Moda;634.5;RJ;Nao;nps_ecommerce_2026-06.csv
202606-00629;2026-06-09;2026-06;C31640;10;app;Android;Casa E Decoração;632.7;PE;Nao;nps_ecommerce_2026-06.csv
202606-00667;2026-06-09;2026-06;C10847;5;site;Desktop;Moda;96.04;DF;Sim;nps_ecommerce_2026-06.csv
202606-00694;2026-06-09;2026-06;C20593;8;site;Android;Eletrônicos;118.82;MG;Nao;nps_ecommerce_2026-06.csv
202606-00707;2026-06-09;2026-06;C27996;4;site;iOS;Mercado;39.94;RJ;Nao;nps_ecommerce_2026-06.csv
202606-00735;2026-06-09;2026-06;C35319;5;marketplace;Android;Eletrônicos;531.74;DF;Nao;nps_ecommerce_2026-06.csv
202606-00815;2026-06-09;2026-06;C25059;10;site;Android;Beleza;46.28;BA;Nao;nps_ecommerce_2026-06.csv
202606-00816;2026-06-09;2026-06;C31851;8;app;Android;Mercado;103.25;SP;Nao;nps_ecommerce_2026-06.csv
202606-00035;2026-06-10;2026-06;C37177;6;app;Desktop;Eletrônicos;116.87;RJ;Sim;nps_ecommerce_2026-06.csv
202606-00102;2026-06-10;2026-06;C24246;6;site;iOS;Eletrônicos;69.26;PE;Nao;nps_ecommerce_2026-06.csv
202606-00200;2026-06-10;2026-06;C23861;8;app;Android;Esporte;291.05;BA;Sim;nps_ecommerce_2026-06.csv
202606-00233;2026-06-10;2026-06;C24982;8;marketplace;Desktop;Beleza;105.97;MG;Sim;nps_ecommerce_2026-06.csv
202606-00252;2026-06-10;2026-06;C31737;8;app;Desktop;Beleza;127.35;BA;Sim;nps_ecommerce_2026-06.csv
202606-00285;2026-06-10;2026-06;C21948;6;site;Android;Eletrônicos;133.75;RS;Nao;nps_ecommerce_2026-06.csv
202606-00362;2026-06-10;2026-06;C23306;6;site;Desktop;Mercado;76.08;MG;Nao;nps_ecommerce_2026-06.csv
202606-00365;2026-06-10;2026-06;C16887;8;app;Desktop;Moda;174.05;SP;Sim;nps_ecommerce_2026-06.csv
202606-00376;2026-06-10;2026-06;C26890;9;site;Desktop;Beleza;104.69;CE;Sim;nps_ecommerce_2026-06.csv
202606-00448;2026-06-10;2026-06;C34689;5;app;iOS;Beleza;18.42;RS;Nao;nps_ecommerce_2026-06.csv
202606-00512;2026-06-10;2026-06;C37862;9;site;Android;Esporte;236.26;BA;Sim;nps_ecommerce_2026-06.csv
202606-00567;2026-06-10;2026-06;C31756;7;app;iOS;Moda;22.27;BA;Sim;nps_ecommerce_2026-06.csv
202606-00575;2026-06-10;2026-06;C18237;4;app;Android;Mercado;358.47;RS;Nao;nps_ecommerce_2026-06.csv
202606-00595;2026-06-10;2026-06;C32852;10;marketplace;Android;Casa E Decoração;148.05;RJ;Nao;nps_ecommerce_2026-06.csv
202606-00638;2026-06-10;2026-06;C33165;10;app;Desktop;Mercado;732.49;CE;Nao;nps_ecommerce_2026-06.csv
202606-00639;2026-06-10;2026-06;C33035;9;marketplace;iOS;Casa E Decoração;252.57;PR;Sim;nps_ecommerce_2026-06.csv
202606-00654;2026-06-10;2026-06;C29498;7;site;iOS;Livros;66.8;SP;Nao;nps_ecommerce_2026-06.csv
202606-00659;2026-06-10;2026-06;C32928;6;app;iOS;Mercado;87.35;PE;Sim;nps_ecommerce_2026-06.csv
202606-00689;2026-06-10;2026-06;C31711;10;app;iOS;Beleza;159.0;RJ;Nao;nps_ecommerce_2026-06.csv
202606-00715;2026-06-10;2026-06;C28049;4;app;iOS;Casa E Decoração;337.36;BA;Sim;nps_ecommerce_2026-06.csv
202606-00724;2026-06-10;2026-06;C26674;4;marketplace;iOS;Eletrônicos;82.25;PE;Sim;nps_ecommerce_2026-06.csv
202606-00741;2026-06-10;2026-06;C33791;10;site;Android;Livros;120.75;RS;Nao;nps_ecommerce_2026-06.csv
202606-00742;2026-06-10;2026-06;C37442;7;app;iOS;Beleza;37.44;CE;Nao;nps_ecommerce_2026-06.csv
202606-00801;2026-06-10;2026-06;C21746;10;site;Android;Casa E Decoração;120.75;BA;Sim;nps_ecommerce_2026-06.csv
202606-00023;2026-06-11;2026-06;C19105;6;app;Android;Eletrônicos;24.77;PR;Sim;nps_ecommerce_2026-06.csv
202606-00062;2026-06-11;2026-06;C37618;10;app;Android;Eletrônicos;82.52;SP;Sim;nps_ecommerce_2026-06.csv
202606-00071;2026-06-11;2026-06;C16967;3;app;Android;Livros;21.4;BA;Nao;nps_ecommerce_2026-06.csv
202606-00101;2026-06-11;2026-06;C13655;8;app;iOS;Mercado;294.79;MG;Sim;nps_ecommerce_2026-06.csv
202606-00146;2026-06-11;2026-06;C10689;6;app;Android;Casa E Decoração;62.46;SP;Sim;nps_ecommerce_2026-06.csv
202606-00227;2026-06-11;2026-06;C18544;6;app;iOS;Beleza;141.87;BA;Sim;nps_ecommerce_2026-06.csv
202606-00234;2026-06-11;2026-06;C34637;6;site;iOS;Esporte;16.9;SP;Sim;nps_ecommerce_2026-06.csv
202606-00326;2026-06-11;2026-06;C10904;4;app;iOS;Eletrônicos;82.92;CE;Nao;nps_ecommerce_2026-06.csv
202606-00354;2026-06-11;2026-06;C23185;4;app;Android;Casa E Decoração;47.93;PE;Sim;nps_ecommerce_2026-06.csv
202606-00429;2026-06-11;2026-06;C20476;8;site;iOS;Casa E Decoração;63.59;PE;Nao;nps_ecommerce_2026-06.csv
202606-00437;2026-06-11;2026-06;C27780;7;marketplace;Android;Moda;64.16;PR;Sim;nps_ecommerce_2026-06.csv
202606-00459;2026-06-11;2026-06;C31917;9;site;iOS;Eletrônicos;144.6;RJ;Nao;nps_ecommerce_2026-06.csv
202606-00475;2026-06-11;2026-06;C21059;8;site;Nao informado;Esporte;58.68;MG;Nao;nps_ecommerce_2026-06.csv
202606-00521;2026-06-11;2026-06;C10414;9;site;Android;Mercado;126.82;PR;Nao;nps_ecommerce_2026-06.csv
202606-00537;2026-06-11;2026-06;C37908;7;site;iOS;Eletrônicos;51.7;DF;Nao;nps_ecommerce_2026-06.csv
202606-00545;2026-06-11;2026-06;C10940;3;site;Android;Eletrônicos;64.71;SP;Nao;nps_ecommerce_2026-06.csv
202606-00547;2026-06-11;2026-06;C15958;4;site;Android;Beleza;106.76;SP;Nao;nps_ecommerce_2026-06.csv
202606-00578;2026-06-11;2026-06;C13917;10;app;iOS;Esporte;39.73;RJ;Sim;nps_ecommerce_2026-06.csv
202606-00666;2026-06-11;2026-06;C29782;10;app;Desktop;Moda;19.91;SP;Sim;nps_ecommerce_2026-06.csv
202606-00684;2026-06-11;2026-06;C20520;7;app;Desktop;Mercado;92.07;RJ;Nao;nps_ecommerce_2026-06.csv
202606-00687;2026-06-11;2026-06;C23488;8;app;Android;Mercado;73.02;DF;Nao;nps_ecommerce_2026-06.csv
202606-00748;2026-06-11;2026-06;C28085;10;app;Android;Livros;118.19;MG;Sim;nps_ecommerce_2026-06.csv
202606-00777;2026-06-11;2026-06;C30422;4;site;Android;Livros;35.3;RJ;Sim;nps_ecommerce_2026-06.csv
202606-00028;2026-06-12;2026-06;C37770;2;app;iOS;Esporte;123.25;SP;Sim;nps_ecommerce_2026-06.csv
202606-00029;2026-06-12;2026-06;C29782;8;site;iOS;Casa E Decoração;41.59;CE;Nao;nps_ecommerce_2026-06.csv
202606-00038;2026-06-12;2026-06;C28918;7;site;iOS;Esporte;158.79;PR;Nao;nps_ecommerce_2026-06.csv
202606-00048;2026-06-12;2026-06;C15329;4;app;iOS;Esporte;32.53;MG;Nao;nps_ecommerce_2026-06.csv
202606-00049;2026-06-12;2026-06;C21641;5;app;iOS;Esporte;106.48;BA;Nao;nps_ecommerce_2026-06.csv
202606-00114;2026-06-12;2026-06;C34985;5;app;Android;Beleza;449.12;BA;Sim;nps_ecommerce_2026-06.csv
202606-00244;2026-06-12;2026-06;C19338;10;app;Android;Mercado;254.95;MG;Nao;nps_ecommerce_2026-06.csv
202606-00314;2026-06-12;2026-06;C20000;7;site;iOS;Moda;85.36;PE;Sim;nps_ecommerce_2026-06.csv
202606-00332;2026-06-12;2026-06;C33872;6;marketplace;Android;Beleza;48.42;PR;Sim;nps_ecommerce_2026-06.csv
202606-00517;2026-06-12;2026-06;C27456;6;site;Android;Beleza;231.4;RS;Nao;nps_ecommerce_2026-06.csv
202606-00519;2026-06-12;2026-06;C12259;10;app;Android;Esporte;19.43;MG;Sim;nps_ecommerce_2026-06.csv
202606-00525;2026-06-12;2026-06;C30826;10;app;Desktop;Mercado;17.96;SP;Sim;nps_ecommerce_2026-06.csv
202606-00549;2026-06-12;2026-06;C36143;9;app;Android;Mercado;214.28;SP;Sim;nps_ecommerce_2026-06.csv
202606-00573;2026-06-12;2026-06;C33031;3;app;Android;Livros;107.43;MG;Sim;nps_ecommerce_2026-06.csv
202606-00683;2026-06-12;2026-06;C23380;6;app;iOS;Livros;25.95;BA;Nao;nps_ecommerce_2026-06.csv
202606-00802;2026-06-12;2026-06;C24112;7;site;Desktop;Esporte;41.23;SP;Sim;nps_ecommerce_2026-06.csv
202606-00027;2026-06-13;2026-06;C13169;10;marketplace;iOS;Livros;54.23;SP;Nao;nps_ecommerce_2026-06.csv
202606-00058;2026-06-13;2026-06;C18845;9;app;Desktop;Eletrônicos;33.53;SP;Nao;nps_ecommerce_2026-06.csv
202606-00067;2026-06-13;2026-06;C18773;6;marketplace;Android;Mercado;717.66;PE;Sim;nps_ecommerce_2026-06.csv
202606-00073;2026-06-13;2026-06;C38989;10;marketplace;Desktop;Eletrônicos;66.69;MG;Sim;nps_ecommerce_2026-06.csv
202606-00082;2026-06-13;2026-06;C21861;5;app;iOS;Moda;38.55;SP;Sim;nps_ecommerce_2026-06.csv
202606-00092;2026-06-13;2026-06;C29526;5;app;Android;Casa E Decoração;165.98;SP;Nao;nps_ecommerce_2026-06.csv
202606-00140;2026-06-13;2026-06;C32009;7;site;Desktop;Livros;258.01;CE;Nao;nps_ecommerce_2026-06.csv
202606-00194;2026-06-13;2026-06;C39571;5;app;Android;Mercado;96.71;CE;Nao;nps_ecommerce_2026-06.csv
202606-00196;2026-06-13;2026-06;C10070;8;app;iOS;Moda;136.59;CE;Nao;nps_ecommerce_2026-06.csv
202606-00197;2026-06-13;2026-06;C18690;8;marketplace;Android;Moda;57.04;RS;Sim;nps_ecommerce_2026-06.csv
202606-00231;2026-06-13;2026-06;C14288;10;marketplace;Android;Eletrônicos;349.45;SP;Sim;nps_ecommerce_2026-06.csv
202606-00319;2026-06-13;2026-06;C20756;8;marketplace;iOS;Moda;52.86;MG;Sim;nps_ecommerce_2026-06.csv
202606-00324;2026-06-13;2026-06;C32266;10;site;iOS;Mercado;356.03;PR;Sim;nps_ecommerce_2026-06.csv
202606-00336;2026-06-13;2026-06;C39474;7;app;Desktop;Beleza;139.47;RJ;Sim;nps_ecommerce_2026-06.csv
202606-00392;2026-06-13;2026-06;C26199;10;site;Desktop;Beleza;328.44;DF;Sim;nps_ecommerce_2026-06.csv
202606-00393;2026-06-13;2026-06;C17994;7;site;iOS;Casa E Decoração;101.29;PE;Sim;nps_ecommerce_2026-06.csv
202606-00433;2026-06-13;2026-06;C32739;9;app;iOS;Moda;184.96;RJ;Nao;nps_ecommerce_2026-06.csv
202606-00441;2026-06-13;2026-06;C39649;6;app;Desktop;Eletrônicos;81.32;RJ;Sim;nps_ecommerce_2026-06.csv
202606-00446;2026-06-13;2026-06;C25629;8;app;iOS;Moda;32.22;CE;Sim;nps_ecommerce_2026-06.csv
202606-00449;2026-06-13;2026-06;C37965;5;site;iOS;Moda;44.67;PR;Sim;nps_ecommerce_2026-06.csv
202606-00461;2026-06-13;2026-06;C33729;8;marketplace;iOS;Eletrônicos;39.48;MG;Nao;nps_ecommerce_2026-06.csv
202606-00466;2026-06-13;2026-06;C29395;9;site;Desktop;Casa E Decoração;29.22;SP;Nao;nps_ecommerce_2026-06.csv
202606-00473;2026-06-13;2026-06;C20726;10;site;iOS;Beleza;47.87;PE;Nao;nps_ecommerce_2026-06.csv
202606-00477;2026-06-13;2026-06;C19117;8;app;iOS;Moda;302.77;SP;Nao;nps_ecommerce_2026-06.csv
202606-00506;2026-06-13;2026-06;C33429;7;app;Android;Moda;472.2;PR;Sim;nps_ecommerce_2026-06.csv
202606-00607;2026-06-13;2026-06;C26113;8;app;Android;Beleza;241.1;SP;Sim;nps_ecommerce_2026-06.csv
202606-00660;2026-06-13;2026-06;C18920;9;app;Android;Esporte;74.53;SP;Sim;nps_ecommerce_2026-06.csv
202606-00690;2026-06-13;2026-06;C36658;6;app;Android;Beleza;47.2;RJ;Nao;nps_ecommerce_2026-06.csv
202606-00696;2026-06-13;2026-06;C38341;7;marketplace;iOS;Mercado;49.8;MG;Sim;nps_ecommerce_2026-06.csv
202606-00730;2026-06-13;2026-06;C16245;7;marketplace;iOS;Mercado;126.77;CE;Nao;nps_ecommerce_2026-06.csv
202606-00750;2026-06-13;2026-06;C24920;6;app;Android;Beleza;25.3;PR;Sim;nps_ecommerce_2026-06.csv
202606-00761;2026-06-13;2026-06;C31747;4;app;iOS;Casa E Decoração;37.42;PR;Nao;nps_ecommerce_2026-06.csv
202606-00783;2026-06-13;2026-06;C20376;7;marketplace;Android;Casa E Decoração;146.03;MG;Nao;nps_ecommerce_2026-06.csv
202606-00009;2026-06-14;2026-06;C11041;8;app;Android;Livros;54.38;SP;Nao;nps_ecommerce_2026-06.csv
202606-00090;2026-06-14;2026-06;C29543;9;app;iOS;Moda;378.84;PE;Sim;nps_ecommerce_2026-06.csv
202606-00135;2026-06-14;2026-06;C16940;7;app;iOS;Livros;176.68;PE;Nao;nps_ecommerce_2026-06.csv
202606-00167;2026-06-14;2026-06;C21609;10;app;Android;Esporte;25.34;BA;Sim;nps_ecommerce_2026-06.csv
202606-00168;2026-06-14;2026-06;C23470;6;app;Desktop;Moda;53.65;PR;Sim;nps_ecommerce_2026-06.csv
202606-00268;2026-06-14;2026-06;C37176;6;site;Android;Esporte;84.01;BA;Nao;nps_ecommerce_2026-06.csv
202606-00294;2026-06-14;2026-06;C30337;8;site;iOS;Mercado;242.82;SP;Nao;nps_ecommerce_2026-06.csv
202606-00300;2026-06-14;2026-06;C10812;10;app;Android;Esporte;119.85;PR;Nao;nps_ecommerce_2026-06.csv
202606-00334;2026-06-14;2026-06;C29864;3;site;Android;Beleza;90.61;PE;Nao;nps_ecommerce_2026-06.csv
202606-00346;2026-06-14;2026-06;C12292;5;site;Android;Beleza;178.73;RS;Nao;nps_ecommerce_2026-06.csv
202606-00366;2026-06-14;2026-06;C35747;7;app;Desktop;Beleza;295.5;PE;Sim;nps_ecommerce_2026-06.csv
202606-00414;2026-06-14;2026-06;C37216;8;site;Android;Livros;70.27;RS;Sim;nps_ecommerce_2026-06.csv
202606-00436;2026-06-14;2026-06;C23356;6;app;Desktop;Moda;50.16;PE;Sim;nps_ecommerce_2026-06.csv
202606-00451;2026-06-14;2026-06;C27636;4;app;Desktop;Eletrônicos;373.5;PE;Sim;nps_ecommerce_2026-06.csv
202606-00457;2026-06-14;2026-06;C25913;7;site;Android;Esporte;179.75;MG;Sim;nps_ecommerce_2026-06.csv
202606-00479;2026-06-14;2026-06;C18266;8;site;iOS;Livros;103.99;MG;Sim;nps_ecommerce_2026-06.csv
202606-00518;2026-06-14;2026-06;C31676;8;app;Android;Casa E Decoração;80.82;PE;Sim;nps_ecommerce_2026-06.csv
202606-00571;2026-06-14;2026-06;C34442;5;app;Android;Livros;123.16;SP;Sim;nps_ecommerce_2026-06.csv
202606-00623;2026-06-14;2026-06;C20006;3;site;Android;Eletrônicos;122.37;DF;Sim;nps_ecommerce_2026-06.csv
202606-00634;2026-06-14;2026-06;C24762;10;site;iOS;Casa E Decoração;56.5;BA;Sim;nps_ecommerce_2026-06.csv
202606-00647;2026-06-14;2026-06;C13760;10;app;Android;Moda;244.98;CE;Sim;nps_ecommerce_2026-06.csv
202606-00665;2026-06-14;2026-06;C34069;5;app;iOS;Moda;32.04;SP;Sim;nps_ecommerce_2026-06.csv
202606-00680;2026-06-14;2026-06;C30800;7;site;Android;Beleza;214.82;DF;Nao;nps_ecommerce_2026-06.csv
202606-00717;2026-06-14;2026-06;C13054;9;app;Android;Esporte;433.48;PE;Sim;nps_ecommerce_2026-06.csv
202606-00726;2026-06-14;2026-06;C37352;6;marketplace;Android;Beleza;52.69;BA;Sim;nps_ecommerce_2026-06.csv
202606-00737;2026-06-14;2026-06;C21137;7;site;Desktop;Casa E Decoração;537.6;MG;Nao;nps_ecommerce_2026-06.csv
202606-00773;2026-06-14;2026-06;C38538;8;site;Android;Casa E Decoração;287.51;RS;Sim;nps_ecommerce_2026-06.csv
202606-00032;2026-06-15;2026-06;C27571;7;app;iOS;Esporte;210.53;PE;Sim;nps_ecommerce_2026-06.csv
202606-00075;2026-06-15;2026-06;C14681;8;app;Android;Livros;289.03;RJ;Nao;nps_ecommerce_2026-06.csv
202606-00093;2026-06-15;2026-06;C27338;8;app;Android;Mercado;80.65;BA;Nao;nps_ecommerce_2026-06.csv
202606-00142;2026-06-15;2026-06;C39478;6;app;Android;Livros;64.99;CE;Nao;nps_ecommerce_2026-06.csv
202606-00169;2026-06-15;2026-06;C38306;7;marketplace;Desktop;Casa E Decoração;136.13;DF;Nao;nps_ecommerce_2026-06.csv
202606-00181;2026-06-15;2026-06;C18185;6;marketplace;Desktop;Beleza;160.09;PR;Sim;nps_ecommerce_2026-06.csv
202606-00183;2026-06-15;2026-06;C36477;8;app;Android;Moda;79.32;RS;Nao;nps_ecommerce_2026-06.csv
202606-00274;2026-06-15;2026-06;C28077;5;site;iOS;Esporte;66.27;BA;Sim;nps_ecommerce_2026-06.csv
202606-00369;2026-06-15;2026-06;C24476;8;site;Android;Beleza;34.28;PR;Sim;nps_ecommerce_2026-06.csv
202606-00370;2026-06-15;2026-06;C32138;6;app;Desktop;Moda;438.59;SP;Nao;nps_ecommerce_2026-06.csv
202606-00388;2026-06-15;2026-06;C23580;8;site;Android;Casa E Decoração;155.13;RJ;Nao;nps_ecommerce_2026-06.csv
202606-00407;2026-06-15;2026-06;C31875;7;marketplace;iOS;Esporte;182.09;PE;Nao;nps_ecommerce_2026-06.csv
202606-00411;2026-06-15;2026-06;C30075;6;site;Android;Livros;156.93;SP;Sim;nps_ecommerce_2026-06.csv
202606-00416;2026-06-15;2026-06;C39399;7;app;iOS;Livros;29.6;PE;Sim;nps_ecommerce_2026-06.csv
202606-00419;2026-06-15;2026-06;C18493;10;app;Android;Eletrônicos;81.27;DF;Nao;nps_ecommerce_2026-06.csv
202606-00426;2026-06-15;2026-06;C12538;6;app;iOS;Mercado;286.52;CE;Nao;nps_ecommerce_2026-06.csv
202606-00438;2026-06-15;2026-06;C23624;5;app;Android;Casa E Decoração;366.66;PR;Nao;nps_ecommerce_2026-06.csv
202606-00463;2026-06-15;2026-06;C14182;7;app;Desktop;Moda;44.18;RS;Nao;nps_ecommerce_2026-06.csv
202606-00471;2026-06-15;2026-06;C15954;8;app;Desktop;Esporte;175.04;DF;Sim;nps_ecommerce_2026-06.csv
202606-00527;2026-06-15;2026-06;C33177;9;site;Android;Eletrônicos;31.4;DF;Sim;nps_ecommerce_2026-06.csv
202606-00534;2026-06-15;2026-06;C24272;8;site;Android;Moda;52.81;CE;Sim;nps_ecommerce_2026-06.csv
202606-00541;2026-06-15;2026-06;C17990;7;site;iOS;Livros;89.0;DF;Sim;nps_ecommerce_2026-06.csv
202606-00574;2026-06-15;2026-06;C18877;7;site;iOS;Beleza;164.65;PE;Sim;nps_ecommerce_2026-06.csv
202606-00602;2026-06-15;2026-06;C21164;8;app;Android;Beleza;57.54;SP;Sim;nps_ecommerce_2026-06.csv
202606-00620;2026-06-15;2026-06;C39769;5;app;iOS;Beleza;132.55;RJ;Nao;nps_ecommerce_2026-06.csv
202606-00621;2026-06-15;2026-06;C19743;2;app;Android;Casa E Decoração;177.98;SP;Sim;nps_ecommerce_2026-06.csv
202606-00657;2026-06-15;2026-06;C14074;9;app;Android;Livros;49.47;SP;Sim;nps_ecommerce_2026-06.csv
202606-00658;2026-06-15;2026-06;C32566;6;app;iOS;Beleza;50.47;RS;Nao;nps_ecommerce_2026-06.csv
202606-00678;2026-06-15;2026-06;C19114;6;site;iOS;Mercado;124.45;MG;Sim;nps_ecommerce_2026-06.csv
202606-00700;2026-06-15;2026-06;C23541;5;app;iOS;Moda;28.22;RS;Sim;nps_ecommerce_2026-06.csv
202606-00705;2026-06-15;2026-06;C34903;7;marketplace;Android;Esporte;23.36;CE;Nao;nps_ecommerce_2026-06.csv
202606-00709;2026-06-15;2026-06;C38863;6;marketplace;Android;Livros;34.29;PE;Nao;nps_ecommerce_2026-06.csv
202606-00720;2026-06-15;2026-06;C13849;2;site;iOS;Esporte;504.73;SP;Sim;nps_ecommerce_2026-06.csv
202606-00746;2026-06-15;2026-06;C27648;7;app;Desktop;Eletrônicos;91.29;BA;Sim;nps_ecommerce_2026-06.csv
202606-00769;2026-06-15;2026-06;C13267;8;app;Desktop;Moda;38.57;BA;Nao;nps_ecommerce_2026-06.csv
202606-00771;2026-06-15;2026-06;C10502;8;site;Android;Esporte;44.46;SP;Nao;nps_ecommerce_2026-06.csv
202606-00796;2026-06-15;2026-06;C15451;5;site;iOS;Casa E Decoração;41.91;PR;Sim;nps_ecommerce_2026-06.csv
202606-00814;2026-06-15;2026-06;C30902;8;app;Android;Livros;695.48;PE;Sim;nps_ecommerce_2026-06.csv
202606-00119;2026-06-16;2026-06;C10638;10;app;Desktop;Casa E Decoração;36.81;SP;Sim;nps_ecommerce_2026-06.csv
202606-00127;2026-06-16;2026-06;C36739;8;site;Android;Casa E Decoração;116.62;BA;Nao;nps_ecommerce_2026-06.csv
202606-00162;2026-06-16;2026-06;C17962;10;site;Android;Moda;128.55;PE;Nao;nps_ecommerce_2026-06.csv
202606-00192;2026-06-16;2026-06;C25773;9;site;Android;Eletrônicos;214.94;RS;Nao;nps_ecommerce_2026-06.csv
202606-00204;2026-06-16;2026-06;C15072;7;app;Android;Beleza;27.36;PE;Sim;nps_ecommerce_2026-06.csv
202606-00264;2026-06-16;2026-06;C18228;7;site;iOS;Moda;20.5;RJ;Sim;nps_ecommerce_2026-06.csv
202606-00372;2026-06-16;2026-06;C36009;8;app;iOS;Beleza;40.86;BA;Nao;nps_ecommerce_2026-06.csv
202606-00424;2026-06-16;2026-06;C30537;10;marketplace;iOS;Moda;399.14;SP;Nao;nps_ecommerce_2026-06.csv
202606-00481;2026-06-16;2026-06;C10635;4;app;Android;Beleza;119.19;RS;Nao;nps_ecommerce_2026-06.csv
202606-00492;2026-06-16;2026-06;C31936;8;site;iOS;Livros;56.44;CE;Nao;nps_ecommerce_2026-06.csv
202606-00546;2026-06-16;2026-06;C37884;5;app;Desktop;Livros;57.64;BA;Sim;nps_ecommerce_2026-06.csv
202606-00548;2026-06-16;2026-06;C16950;4;site;Android;Beleza;69.05;BA;Nao;nps_ecommerce_2026-06.csv
202606-00558;2026-06-16;2026-06;C28192;8;app;iOS;Beleza;518.96;CE;Nao;nps_ecommerce_2026-06.csv
202606-00562;2026-06-16;2026-06;C24685;8;site;iOS;Eletrônicos;150.1;MG;Sim;nps_ecommerce_2026-06.csv
202606-00569;2026-06-16;2026-06;C28136;8;site;Desktop;Mercado;45.25;PR;Nao;nps_ecommerce_2026-06.csv
202606-00583;2026-06-16;2026-06;C19060;9;app;iOS;Esporte;29.25;PR;Nao;nps_ecommerce_2026-06.csv
202606-00598;2026-06-16;2026-06;C13361;10;app;iOS;Casa E Decoração;47.29;MG;Sim;nps_ecommerce_2026-06.csv
202606-00601;2026-06-16;2026-06;C25686;8;site;Android;Casa E Decoração;113.99;DF;Nao;nps_ecommerce_2026-06.csv
202606-00605;2026-06-16;2026-06;C13738;8;marketplace;Desktop;Moda;117.09;PR;Sim;nps_ecommerce_2026-06.csv
202606-00636;2026-06-16;2026-06;C19543;10;site;Android;Livros;36.69;SP;Nao;nps_ecommerce_2026-06.csv
202606-00662;2026-06-16;2026-06;C24344;7;site;Android;Mercado;68.99;RS;Nao;nps_ecommerce_2026-06.csv
202606-00704;2026-06-16;2026-06;C30493;7;site;iOS;Casa E Decoração;205.84;CE;Nao;nps_ecommerce_2026-06.csv
202606-00727;2026-06-16;2026-06;C25473;10;app;Android;Esporte;128.47;PE;Sim;nps_ecommerce_2026-06.csv
202606-00747;2026-06-16;2026-06;C21309;9;site;iOS;Moda;66.24;RJ;Nao;nps_ecommerce_2026-06.csv
202606-00764;2026-06-16;2026-06;C11213;5;app;Android;Beleza;119.5;BA;Nao;nps_ecommerce_2026-06.csv
202606-00786;2026-06-16;2026-06;C38586;6;marketplace;Desktop;Moda;29.6;PR;Nao;nps_ecommerce_2026-06.csv
202606-00012;2026-06-17;2026-06;C29726;7;app;Desktop;Esporte;34.08;DF;Nao;nps_ecommerce_2026-06.csv
202606-00084;2026-06-17;2026-06;C26171;9;site;Android;Moda;34.02;RS;Nao;nps_ecommerce_2026-06.csv
202606-00108;2026-06-17;2026-06;C39904;10;site;Android;Beleza;541.47;MG;Nao;nps_ecommerce_2026-06.csv
202606-00112;2026-06-17;2026-06;C29954;6;site;Android;Moda;267.72;CE;Sim;nps_ecommerce_2026-06.csv
202606-00143;2026-06-17;2026-06;C24794;8;app;Desktop;Moda;107.69;BA;Nao;nps_ecommerce_2026-06.csv
202606-00212;2026-06-17;2026-06;C37941;8;marketplace;Android;Eletrônicos;164.42;RS;Nao;nps_ecommerce_2026-06.csv
202606-00213;2026-06-17;2026-06;C15158;6;site;Android;Beleza;32.65;DF;Sim;nps_ecommerce_2026-06.csv
202606-00240;2026-06-17;2026-06;C18690;5;app;iOS;Casa E Decoração;14.97;SP;Sim;nps_ecommerce_2026-06.csv
202606-00335;2026-06-17;2026-06;C13789;10;app;Android;Mercado;287.43;BA;Sim;nps_ecommerce_2026-06.csv
202606-00352;2026-06-17;2026-06;C20134;4;app;Android;Moda;45.22;DF;Nao;nps_ecommerce_2026-06.csv
202606-00402;2026-06-17;2026-06;C25222;6;app;Android;Esporte;35.56;DF;Sim;nps_ecommerce_2026-06.csv
202606-00408;2026-06-17;2026-06;C28314;7;app;Android;Mercado;146.14;RS;Nao;nps_ecommerce_2026-06.csv
202606-00520;2026-06-17;2026-06;C31218;7;app;iOS;Moda;127.51;RJ;Nao;nps_ecommerce_2026-06.csv
202606-00530;2026-06-17;2026-06;C31314;8;app;Desktop;Moda;70.49;MG;Sim;nps_ecommerce_2026-06.csv
202606-00555;2026-06-17;2026-06;C16260;6;app;Android;Casa E Decoração;240.56;PR;Nao;nps_ecommerce_2026-06.csv
202606-00570;2026-06-17;2026-06;C21264;3;site;iOS;Beleza;52.68;PR;Nao;nps_ecommerce_2026-06.csv
202606-00619;2026-06-17;2026-06;C22464;8;app;iOS;Esporte;345.16;DF;Nao;nps_ecommerce_2026-06.csv
202606-00661;2026-06-17;2026-06;C27694;6;site;Desktop;Eletrônicos;169.48;SP;Nao;nps_ecommerce_2026-06.csv
202606-00677;2026-06-17;2026-06;C31348;6;marketplace;iOS;Esporte;235.14;SP;Sim;nps_ecommerce_2026-06.csv
202606-00697;2026-06-17;2026-06;C37031;4;app;iOS;Beleza;438.87;MG;Sim;nps_ecommerce_2026-06.csv
202606-00702;2026-06-17;2026-06;C21854;6;app;iOS;Moda;92.38;CE;Sim;nps_ecommerce_2026-06.csv
202606-00732;2026-06-17;2026-06;C34454;10;app;Android;Eletrônicos;37.49;SP;Sim;nps_ecommerce_2026-06.csv
202606-00739;2026-06-17;2026-06;C18754;9;app;Android;Livros;19.06;DF;Sim;nps_ecommerce_2026-06.csv
202606-00770;2026-06-17;2026-06;C39833;8;app;Android;Mercado;14.97;CE;Sim;nps_ecommerce_2026-06.csv
202606-00804;2026-06-17;2026-06;C23502;8;marketplace;Desktop;Beleza;115.29;RJ;Nao;nps_ecommerce_2026-06.csv
202606-00016;2026-06-18;2026-06;C23746;8;site;Desktop;Mercado;134.43;CE;Sim;nps_ecommerce_2026-06.csv
202606-00078;2026-06-18;2026-06;C27661;7;app;Desktop;Livros;20.54;CE;Nao;nps_ecommerce_2026-06.csv
202606-00129;2026-06-18;2026-06;C35094;8;site;Android;Livros;125.91;RJ;Nao;nps_ecommerce_2026-06.csv
202606-00132;2026-06-18;2026-06;C15410;6;site;iOS;Eletrônicos;28.2;PR;Nao;nps_ecommerce_2026-06.csv
202606-00178;2026-06-18;2026-06;C24700;8;site;Android;Mercado;229.83;PR;Nao;nps_ecommerce_2026-06.csv
202606-00185;2026-06-18;2026-06;C13208;8;app;Desktop;Esporte;264.01;RS;Sim;nps_ecommerce_2026-06.csv
202606-00187;2026-06-18;2026-06;C37394;5;site;iOS;Mercado;60.94;BA;Sim;nps_ecommerce_2026-06.csv
202606-00208;2026-06-18;2026-06;C11997;10;app;Android;Moda;128.8;MG;Sim;nps_ecommerce_2026-06.csv
202606-00239;2026-06-18;2026-06;C16984;9;site;Desktop;Moda;59.52;SP;Sim;nps_ecommerce_2026-06.csv
202606-00257;2026-06-18;2026-06;C15093;6;app;Desktop;Livros;132.04;RJ;Nao;nps_ecommerce_2026-06.csv
202606-00276;2026-06-18;2026-06;C10316;9;app;Android;Eletrônicos;139.18;SP;Sim;nps_ecommerce_2026-06.csv
202606-00280;2026-06-18;2026-06;C11180;7;app;iOS;Moda;29.5;PE;Sim;nps_ecommerce_2026-06.csv
202606-00342;2026-06-18;2026-06;C32506;9;app;Android;Livros;152.34;PE;Nao;nps_ecommerce_2026-06.csv
202606-00356;2026-06-18;2026-06;C14170;8;app;Nao informado;Esporte;16.47;SP;Nao;nps_ecommerce_2026-06.csv
202606-00363;2026-06-18;2026-06;C37319;10;app;Android;Esporte;14.97;PR;Nao;nps_ecommerce_2026-06.csv
202606-00453;2026-06-18;2026-06;C36210;9;app;Android;Casa E Decoração;48.67;CE;Nao;nps_ecommerce_2026-06.csv
202606-00554;2026-06-18;2026-06;C10332;6;site;iOS;Casa E Decoração;115.29;RS;Nao;nps_ecommerce_2026-06.csv
202606-00572;2026-06-18;2026-06;C20839;9;app;iOS;Moda;178.93;PR;Sim;nps_ecommerce_2026-06.csv
202606-00592;2026-06-18;2026-06;C14147;4;site;iOS;Mercado;252.01;CE;Sim;nps_ecommerce_2026-06.csv
202606-00632;2026-06-18;2026-06;C12459;6;app;iOS;Casa E Decoração;77.43;MG;Nao;nps_ecommerce_2026-06.csv
202606-00648;2026-06-18;2026-06;C17366;6;site;Desktop;Esporte;463.14;CE;Sim;nps_ecommerce_2026-06.csv
202606-00729;2026-06-18;2026-06;C14739;3;site;Android;Moda;142.79;MG;Nao;nps_ecommerce_2026-06.csv
202606-00787;2026-06-18;2026-06;C11176;10;app;Android;Mercado;34.36;PE;Sim;nps_ecommerce_2026-06.csv
202606-00018;2026-06-19;2026-06;C19115;6;marketplace;Android;Beleza;80.97;MG;Nao;nps_ecommerce_2026-06.csv
202606-00080;2026-06-19;2026-06;C24038;6;site;iOS;Casa E Decoração;95.12;SP;Sim;nps_ecommerce_2026-06.csv
202606-00125;2026-06-19;2026-06;C12580;7;app;iOS;Beleza;120.91;DF;Sim;nps_ecommerce_2026-06.csv
202606-00147;2026-06-19;2026-06;C28150;7;app;Nao informado;Esporte;242.51;BA;Sim;nps_ecommerce_2026-06.csv
202606-00161;2026-06-19;2026-06;C28881;5;site;iOS;Eletrônicos;91.78;PR;Nao;nps_ecommerce_2026-06.csv
202606-00207;2026-06-19;2026-06;C34108;9;site;iOS;Esporte;197.99;PE;Nao;nps_ecommerce_2026-06.csv
202606-00211;2026-06-19;2026-06;C25623;5;site;iOS;Casa E Decoração;98.25;DF;Nao;nps_ecommerce_2026-06.csv
202606-00221;2026-06-19;2026-06;C18067;6;app;iOS;Esporte;450.56;MG;Sim;nps_ecommerce_2026-06.csv
202606-00222;2026-06-19;2026-06;C29481;10;app;iOS;Esporte;145.81;PE;Nao;nps_ecommerce_2026-06.csv
202606-00226;2026-06-19;2026-06;C27130;6;app;Android;Beleza;87.18;SP;Nao;nps_ecommerce_2026-06.csv
202606-00282;2026-06-19;2026-06;C28105;4;app;iOS;Eletrônicos;186.6;SP;Nao;nps_ecommerce_2026-06.csv
202606-00329;2026-06-19;2026-06;C18698;8;app;Android;Eletrônicos;253.27;CE;Sim;nps_ecommerce_2026-06.csv
202606-00337;2026-06-19;2026-06;C16228;8;site;iOS;Livros;19.77;PE;Sim;nps_ecommerce_2026-06.csv
202606-00367;2026-06-19;2026-06;C29879;4;site;Android;Beleza;134.19;PE;Nao;nps_ecommerce_2026-06.csv
202606-00390;2026-06-19;2026-06;C16371;4;app;iOS;Moda;172.3;MG;Nao;nps_ecommerce_2026-06.csv
202606-00467;2026-06-19;2026-06;C31725;7;app;Android;Casa E Decoração;136.98;SP;Nao;nps_ecommerce_2026-06.csv
202606-00504;2026-06-19;2026-06;C32195;6;app;Android;Eletrônicos;348.86;RJ;Nao;nps_ecommerce_2026-06.csv
202606-00508;2026-06-19;2026-06;C32630;6;site;iOS;Eletrônicos;310.01;BA;Sim;nps_ecommerce_2026-06.csv
202606-00536;2026-06-19;2026-06;C18794;6;marketplace;Desktop;Mercado;133.57;BA;Nao;nps_ecommerce_2026-06.csv
202606-00543;2026-06-19;2026-06;C29999;6;site;Desktop;Casa E Decoração;150.01;CE;Sim;nps_ecommerce_2026-06.csv
202606-00568;2026-06-19;2026-06;C22092;9;app;Android;Eletrônicos;259.31;PR;Nao;nps_ecommerce_2026-06.csv
202606-00600;2026-06-19;2026-06;C19317;8;app;Desktop;Mercado;347.67;RJ;Nao;nps_ecommerce_2026-06.csv
202606-00612;2026-06-19;2026-06;C19956;10;app;Desktop;Beleza;56.86;CE;Nao;nps_ecommerce_2026-06.csv
202606-00624;2026-06-19;2026-06;C30349;10;site;iOS;Casa E Decoração;225.61;PE;Sim;nps_ecommerce_2026-06.csv
202606-00656;2026-06-19;2026-06;C19457;4;site;Desktop;Beleza;209.79;SP;Sim;nps_ecommerce_2026-06.csv
202606-00671;2026-06-19;2026-06;C10679;8;site;Android;Esporte;266.92;PE;Sim;nps_ecommerce_2026-06.csv
202606-00674;2026-06-19;2026-06;C11318;6;app;Android;Mercado;170.27;SP;Sim;nps_ecommerce_2026-06.csv
202606-00743;2026-06-19;2026-06;C29002;10;marketplace;Android;Casa E Decoração;198.09;BA;Sim;nps_ecommerce_2026-06.csv
202606-00754;2026-06-19;2026-06;C22549;6;site;iOS;Casa E Decoração;90.8;MG;Nao;nps_ecommerce_2026-06.csv
202606-00766;2026-06-19;2026-06;C20878;6;marketplace;Android;Moda;29.47;PR;Nao;nps_ecommerce_2026-06.csv
202606-00805;2026-06-19;2026-06;C32341;5;app;Android;Moda;73.3;PE;Nao;nps_ecommerce_2026-06.csv
202606-00054;2026-06-20;2026-06;C30806;7;app;Nao informado;Livros;60.4;CE;Nao;nps_ecommerce_2026-06.csv
202606-00118;2026-06-20;2026-06;C20621;7;app;iOS;Eletrônicos;110.05;SP;Sim;nps_ecommerce_2026-06.csv
202606-00217;2026-06-20;2026-06;C12226;5;site;Nao informado;Beleza;452.64;PR;Nao;nps_ecommerce_2026-06.csv
202606-00237;2026-06-20;2026-06;C28448;10;site;iOS;Esporte;235.04;RJ;Sim;nps_ecommerce_2026-06.csv
202606-00248;2026-06-20;2026-06;C36447;6;app;iOS;Moda;41.71;PR;Nao;nps_ecommerce_2026-06.csv
202606-00259;2026-06-20;2026-06;C16901;7;app;Android;Casa E Decoração;82.85;DF;Sim;nps_ecommerce_2026-06.csv
202606-00331;2026-06-20;2026-06;C24239;8;app;iOS;Moda;21.98;PR;Nao;nps_ecommerce_2026-06.csv
202606-00348;2026-06-20;2026-06;C20286;9;site;iOS;Moda;119.16;PE;Sim;nps_ecommerce_2026-06.csv
202606-00361;2026-06-20;2026-06;C28648;2;app;Desktop;Livros;55.31;CE;Sim;nps_ecommerce_2026-06.csv
202606-00378;2026-06-20;2026-06;C20983;9;marketplace;Desktop;Eletrônicos;446.08;BA;Sim;nps_ecommerce_2026-06.csv
202606-00386;2026-06-20;2026-06;C37844;8;marketplace;Android;Casa E Decoração;151.58;DF;Nao;nps_ecommerce_2026-06.csv
202606-00409;2026-06-20;2026-06;C20397;8;marketplace;iOS;Eletrônicos;37.44;DF;Nao;nps_ecommerce_2026-06.csv
202606-00454;2026-06-20;2026-06;C39419;6;app;Desktop;Mercado;94.44;CE;Nao;nps_ecommerce_2026-06.csv
202606-00464;2026-06-20;2026-06;C27502;6;site;Desktop;Casa E Decoração;392.5;BA;Nao;nps_ecommerce_2026-06.csv
202606-00490;2026-06-20;2026-06;C14993;7;app;iOS;Esporte;20.04;PE;Sim;nps_ecommerce_2026-06.csv
202606-00498;2026-06-20;2026-06;C34508;5;app;iOS;Livros;211.7;CE;Sim;nps_ecommerce_2026-06.csv
202606-00552;2026-06-20;2026-06;C32976;5;site;iOS;Livros;71.37;DF;Sim;nps_ecommerce_2026-06.csv
202606-00586;2026-06-20;2026-06;C19273;5;site;Android;Mercado;418.51;CE;Sim;nps_ecommerce_2026-06.csv
202606-00616;2026-06-20;2026-06;C29533;10;marketplace;Desktop;Mercado;433.3;PE;Sim;nps_ecommerce_2026-06.csv
202606-00703;2026-06-20;2026-06;C34787;10;marketplace;iOS;Livros;421.51;PE;Nao;nps_ecommerce_2026-06.csv
202606-00788;2026-06-20;2026-06;C12242;5;app;Android;Beleza;259.1;DF;Sim;nps_ecommerce_2026-06.csv
202606-00810;2026-06-20;2026-06;C32384;8;app;Desktop;Eletrônicos;146.64;PE;Nao;nps_ecommerce_2026-06.csv
202606-00001;2026-06-21;2026-06;C13648;10;site;Android;Eletrônicos;81.0;SP;Nao;nps_ecommerce_2026-06.csv
202606-00015;2026-06-21;2026-06;C32981;5;marketplace;Android;Livros;227.93;DF;Sim;nps_ecommerce_2026-06.csv
202606-00036;2026-06-21;2026-06;C30267;10;app;iOS;Eletrônicos;141.45;RS;Nao;nps_ecommerce_2026-06.csv
202606-00047;2026-06-21;2026-06;C37332;5;app;iOS;Eletrônicos;79.67;CE;Nao;nps_ecommerce_2026-06.csv
202606-00053;2026-06-21;2026-06;C12339;10;site;iOS;Livros;47.42;DF;Nao;nps_ecommerce_2026-06.csv
202606-00072;2026-06-21;2026-06;C26358;7;app;Desktop;Casa E Decoração;338.21;SP;Nao;nps_ecommerce_2026-06.csv
202606-00088;2026-06-21;2026-06;C15242;7;app;Android;Beleza;42.32;PE;Sim;nps_ecommerce_2026-06.csv
202606-00110;2026-06-21;2026-06;C19779;5;site;iOS;Esporte;192.17;MG;Nao;nps_ecommerce_2026-06.csv
202606-00141;2026-06-21;2026-06;C22236;8;app;Android;Moda;122.13;CE;Nao;nps_ecommerce_2026-06.csv
202606-00151;2026-06-21;2026-06;C11929;9;site;Android;Moda;60.84;PE;Nao;nps_ecommerce_2026-06.csv
202606-00172;2026-06-21;2026-06;C13224;8;app;Android;Livros;505.74;CE;Sim;nps_ecommerce_2026-06.csv
202606-00249;2026-06-21;2026-06;C27332;3;app;Android;Mercado;245.09;RJ;Sim;nps_ecommerce_2026-06.csv
202606-00262;2026-06-21;2026-06;C37948;5;app;Android;Mercado;179.22;BA;Sim;nps_ecommerce_2026-06.csv
202606-00272;2026-06-21;2026-06;C18583;10;app;Desktop;Livros;87.56;MG;Sim;nps_ecommerce_2026-06.csv
202606-00323;2026-06-21;2026-06;C26692;7;marketplace;Android;Esporte;37.48;RJ;Sim;nps_ecommerce_2026-06.csv
202606-00368;2026-06-21;2026-06;C20559;10;app;iOS;Esporte;131.05;RJ;Sim;nps_ecommerce_2026-06.csv
202606-00469;2026-06-21;2026-06;C24044;10;app;Desktop;Eletrônicos;197.61;RS;Nao;nps_ecommerce_2026-06.csv
202606-00486;2026-06-21;2026-06;C11319;5;marketplace;Android;Livros;24.81;BA;Sim;nps_ecommerce_2026-06.csv
202606-00561;2026-06-21;2026-06;C33325;6;marketplace;iOS;Moda;224.87;CE;Nao;nps_ecommerce_2026-06.csv
202606-00609;2026-06-21;2026-06;C32493;5;app;Android;Mercado;396.37;CE;Sim;nps_ecommerce_2026-06.csv
202606-00628;2026-06-21;2026-06;C16914;10;site;Desktop;Casa E Decoração;26.41;RS;Sim;nps_ecommerce_2026-06.csv
202606-00644;2026-06-21;2026-06;C29326;10;site;Android;Esporte;134.9;PE;Sim;nps_ecommerce_2026-06.csv
202606-00649;2026-06-21;2026-06;C14882;9;app;Android;Beleza;204.19;CE;Sim;nps_ecommerce_2026-06.csv
202606-00712;2026-06-21;2026-06;C29951;3;app;Android;Livros;53.35;RS;Sim;nps_ecommerce_2026-06.csv
202606-00721;2026-06-21;2026-06;C37267;7;app;Nao informado;Mercado;174.54;DF;Nao;nps_ecommerce_2026-06.csv
202606-00763;2026-06-21;2026-06;C14984;8;marketplace;Android;Livros;54.87;SP;Sim;nps_ecommerce_2026-06.csv
202606-00774;2026-06-21;2026-06;C15058;6;app;iOS;Mercado;78.25;RS;Nao;nps_ecommerce_2026-06.csv
202606-00779;2026-06-21;2026-06;C12631;7;app;Android;Moda;214.91;BA;Nao;nps_ecommerce_2026-06.csv
202606-00784;2026-06-21;2026-06;C33550;8;app;Android;Moda;59.44;PR;Nao;nps_ecommerce_2026-06.csv
202606-00794;2026-06-21;2026-06;C33065;5;marketplace;Desktop;Esporte;58.4;PE;Sim;nps_ecommerce_2026-06.csv
202606-00006;2026-06-22;2026-06;C34270;7;app;Android;Mercado;76.91;PE;Nao;nps_ecommerce_2026-06.csv
202606-00041;2026-06-22;2026-06;C17467;8;site;Android;Casa E Decoração;51.82;SP;Nao;nps_ecommerce_2026-06.csv
202606-00096;2026-06-22;2026-06;C33616;8;app;Android;Eletrônicos;19.7;SP;Sim;nps_ecommerce_2026-06.csv
202606-00131;2026-06-22;2026-06;C25574;9;app;Android;Eletrônicos;57.67;PE;Sim;nps_ecommerce_2026-06.csv
202606-00157;2026-06-22;2026-06;C25906;10;site;Desktop;Livros;261.17;RJ;Nao;nps_ecommerce_2026-06.csv
202606-00171;2026-06-22;2026-06;C31412;7;app;Desktop;Moda;54.4;PE;Sim;nps_ecommerce_2026-06.csv
202606-00203;2026-06-22;2026-06;C33540;5;app;Desktop;Moda;37.28;CE;Nao;nps_ecommerce_2026-06.csv
202606-00218;2026-06-22;2026-06;C38240;5;site;Android;Eletrônicos;60.76;PE;Sim;nps_ecommerce_2026-06.csv
202606-00225;2026-06-22;2026-06;C29125;8;app;iOS;Livros;112.77;DF;Nao;nps_ecommerce_2026-06.csv
202606-00232;2026-06-22;2026-06;C31151;5;app;Android;Moda;165.21;SP;Sim;nps_ecommerce_2026-06.csv
202606-00318;2026-06-22;2026-06;C16328;8;app;Android;Beleza;110.91;MG;Nao;nps_ecommerce_2026-06.csv
202606-00347;2026-06-22;2026-06;C20819;10;app;Android;Eletrônicos;180.45;SP;Sim;nps_ecommerce_2026-06.csv
202606-00349;2026-06-22;2026-06;C37787;6;app;Desktop;Mercado;235.8;PE;Sim;nps_ecommerce_2026-06.csv
202606-00353;2026-06-22;2026-06;C23382;10;app;Android;Casa E Decoração;100.11;DF;Nao;nps_ecommerce_2026-06.csv
202606-00358;2026-06-22;2026-06;C22423;9;app;Desktop;Eletrônicos;64.24;SP;Nao;nps_ecommerce_2026-06.csv
202606-00359;2026-06-22;2026-06;C34514;7;app;Android;Moda;62.4;DF;Sim;nps_ecommerce_2026-06.csv
202606-00375;2026-06-22;2026-06;C12778;8;app;iOS;Beleza;115.98;RS;Sim;nps_ecommerce_2026-06.csv
202606-00377;2026-06-22;2026-06;C30740;6;app;Android;Eletrônicos;85.36;SP;Nao;nps_ecommerce_2026-06.csv
202606-00381;2026-06-22;2026-06;C20171;6;app;Desktop;Mercado;74.99;SP;Sim;nps_ecommerce_2026-06.csv
202606-00460;2026-06-22;2026-06;C36153;6;marketplace;Android;Livros;46.07;RS;Nao;nps_ecommerce_2026-06.csv
202606-00513;2026-06-22;2026-06;C29674;4;app;Android;Casa E Decoração;245.2;BA;Sim;nps_ecommerce_2026-06.csv
202606-00544;2026-06-22;2026-06;C22418;7;site;Android;Mercado;18.58;SP;Sim;nps_ecommerce_2026-06.csv
202606-00645;2026-06-22;2026-06;C36342;6;site;Desktop;Beleza;146.47;CE;Sim;nps_ecommerce_2026-06.csv
202606-00669;2026-06-22;2026-06;C37392;9;app;iOS;Beleza;254.08;CE;Sim;nps_ecommerce_2026-06.csv
202606-00685;2026-06-22;2026-06;C13427;7;app;Android;Casa E Decoração;237.33;RJ;Sim;nps_ecommerce_2026-06.csv
202606-00744;2026-06-22;2026-06;C26044;8;site;Android;Casa E Decoração;76.91;DF;Sim;nps_ecommerce_2026-06.csv
202606-00790;2026-06-22;2026-06;C19416;8;site;iOS;Casa E Decoração;262.98;SP;Sim;nps_ecommerce_2026-06.csv
202606-00022;2026-06-23;2026-06;C23848;8;site;Android;Eletrônicos;196.75;SP;Nao;nps_ecommerce_2026-06.csv
202606-00060;2026-06-23;2026-06;C28250;8;app;Android;Livros;60.21;PR;Sim;nps_ecommerce_2026-06.csv
202606-00138;2026-06-23;2026-06;C16591;7;app;Android;Mercado;264.51;BA;Sim;nps_ecommerce_2026-06.csv
202606-00139;2026-06-23;2026-06;C20214;10;app;iOS;Eletrônicos;37.8;BA;Nao;nps_ecommerce_2026-06.csv
202606-00201;2026-06-23;2026-06;C33937;7;marketplace;Desktop;Livros;427.31;RS;Sim;nps_ecommerce_2026-06.csv
202606-00229;2026-06-23;2026-06;C20295;10;marketplace;Android;Livros;54.81;SP;Sim;nps_ecommerce_2026-06.csv
202606-00247;2026-06-23;2026-06;C19912;3;marketplace;Android;Esporte;29.75;CE;Nao;nps_ecommerce_2026-06.csv
202606-00260;2026-06-23;2026-06;C21235;9;site;iOS;Casa E Decoração;46.51;CE;Nao;nps_ecommerce_2026-06.csv
202606-00275;2026-06-23;2026-06;C24014;6;app;Android;Casa E Decoração;81.56;PE;Nao;nps_ecommerce_2026-06.csv
202606-00339;2026-06-23;2026-06;C24288;5;app;iOS;Esporte;14.97;BA;Nao;nps_ecommerce_2026-06.csv
202606-00355;2026-06-23;2026-06;C19688;10;app;Desktop;Mercado;78.82;PE;Nao;nps_ecommerce_2026-06.csv
202606-00391;2026-06-23;2026-06;C32818;6;app;Android;Mercado;55.74;CE;Nao;nps_ecommerce_2026-06.csv
202606-00395;2026-06-23;2026-06;C10181;8;app;Android;Livros;44.53;RS;Nao;nps_ecommerce_2026-06.csv
202606-00427;2026-06-23;2026-06;C19362;8;marketplace;Android;Moda;97.9;SP;Nao;nps_ecommerce_2026-06.csv
202606-00443;2026-06-23;2026-06;C10640;8;app;Android;Esporte;164.87;PE;Sim;nps_ecommerce_2026-06.csv
202606-00495;2026-06-23;2026-06;C18396;9;app;iOS;Casa E Decoração;554.96;MG;Nao;nps_ecommerce_2026-06.csv
202606-00499;2026-06-23;2026-06;C13753;10;site;iOS;Casa E Decoração;37.08;PE;Nao;nps_ecommerce_2026-06.csv
202606-00511;2026-06-23;2026-06;C35312;10;marketplace;Android;Mercado;44.92;PE;Nao;nps_ecommerce_2026-06.csv
202606-00560;2026-06-23;2026-06;C25600;4;marketplace;Desktop;Mercado;316.13;PE;Sim;nps_ecommerce_2026-06.csv
202606-00566;2026-06-23;2026-06;C17972;8;marketplace;Android;Moda;558.61;RS;Nao;nps_ecommerce_2026-06.csv
202606-00635;2026-06-23;2026-06;C29458;4;app;Android;Moda;48.2;DF;Nao;nps_ecommerce_2026-06.csv
202606-00688;2026-06-23;2026-06;C26235;7;site;Android;Beleza;49.89;RS;Sim;nps_ecommerce_2026-06.csv
202606-00710;2026-06-23;2026-06;C25883;6;site;iOS;Moda;258.21;CE;Sim;nps_ecommerce_2026-06.csv
202606-00714;2026-06-23;2026-06;C15189;8;site;Android;Mercado;359.11;PE;Nao;nps_ecommerce_2026-06.csv
202606-00725;2026-06-23;2026-06;C18959;6;app;Desktop;Moda;242.96;MG;Sim;nps_ecommerce_2026-06.csv
202606-00753;2026-06-23;2026-06;C17825;6;app;iOS;Esporte;98.23;CE;Nao;nps_ecommerce_2026-06.csv
202606-00759;2026-06-23;2026-06;C39931;9;app;Desktop;Livros;170.28;SP;Nao;nps_ecommerce_2026-06.csv
202606-00778;2026-06-23;2026-06;C23024;9;site;Android;Eletrônicos;30.12;DF;Nao;nps_ecommerce_2026-06.csv
202606-00797;2026-06-23;2026-06;C19812;5;app;iOS;Mercado;203.94;BA;Sim;nps_ecommerce_2026-06.csv
202606-00005;2026-06-24;2026-06;C13358;4;site;iOS;Casa E Decoração;58.24;PR;Sim;nps_ecommerce_2026-06.csv
202606-00056;2026-06-24;2026-06;C18021;2;marketplace;Android;Moda;101.91;CE;Nao;nps_ecommerce_2026-06.csv
202606-00170;2026-06-24;2026-06;C11775;8;app;iOS;Moda;150.84;BA;Nao;nps_ecommerce_2026-06.csv
202606-00174;2026-06-24;2026-06;C21118;4;app;iOS;Moda;198.25;PE;Nao;nps_ecommerce_2026-06.csv
202606-00209;2026-06-24;2026-06;C20276;6;site;Android;Eletrônicos;228.53;PR;Sim;nps_ecommerce_2026-06.csv
202606-00295;2026-06-24;2026-06;C15064;10;site;Android;Eletrônicos;40.42;MG;Nao;nps_ecommerce_2026-06.csv
202606-00343;2026-06-24;2026-06;C34312;5;app;Desktop;Mercado;275.51;RJ;Sim;nps_ecommerce_2026-06.csv
202606-00344;2026-06-24;2026-06;C31975;6;site;Android;Beleza;95.48;MG;Sim;nps_ecommerce_2026-06.csv
202606-00374;2026-06-24;2026-06;C15560;9;app;iOS;Casa E Decoração;101.78;SP;Sim;nps_ecommerce_2026-06.csv
202606-00452;2026-06-24;2026-06;C34072;8;site;iOS;Livros;245.27;RS;Sim;nps_ecommerce_2026-06.csv
202606-00482;2026-06-24;2026-06;C27675;6;site;iOS;Mercado;50.54;PE;Nao;nps_ecommerce_2026-06.csv
202606-00557;2026-06-24;2026-06;C23317;10;app;Android;Mercado;223.37;RS;Sim;nps_ecommerce_2026-06.csv
202606-00577;2026-06-24;2026-06;C16310;6;app;iOS;Esporte;121.53;PR;Nao;nps_ecommerce_2026-06.csv
202606-00579;2026-06-24;2026-06;C27559;6;app;Android;Esporte;72.23;SP;Nao;nps_ecommerce_2026-06.csv
202606-00584;2026-06-24;2026-06;C29319;10;app;Android;Beleza;87.45;SP;Nao;nps_ecommerce_2026-06.csv
202606-00626;2026-06-24;2026-06;C13251;8;app;Android;Casa E Decoração;33.27;CE;Nao;nps_ecommerce_2026-06.csv
202606-00655;2026-06-24;2026-06;C37008;10;app;iOS;Mercado;48.11;RJ;Nao;nps_ecommerce_2026-06.csv
202606-00758;2026-06-24;2026-06;C25498;6;app;iOS;Beleza;24.08;SP;Nao;nps_ecommerce_2026-06.csv
202606-00772;2026-06-24;2026-06;C14723;8;marketplace;Android;Mercado;36.08;MG;Sim;nps_ecommerce_2026-06.csv
202606-00025;2026-06-25;2026-06;C21029;10;app;Desktop;Esporte;122.72;RJ;Sim;nps_ecommerce_2026-06.csv
202606-00042;2026-06-25;2026-06;C19482;8;site;iOS;Mercado;121.51;MG;Sim;nps_ecommerce_2026-06.csv
202606-00063;2026-06-25;2026-06;C35427;5;app;Android;Esporte;159.59;BA;Sim;nps_ecommerce_2026-06.csv
202606-00099;2026-06-25;2026-06;C18743;10;app;Desktop;Esporte;108.1;RJ;Nao;nps_ecommerce_2026-06.csv
202606-00100;2026-06-25;2026-06;C31003;9;app;Android;Casa E Decoração;86.93;SP;Nao;nps_ecommerce_2026-06.csv
202606-00107;2026-06-25;2026-06;C15854;9;site;Android;Esporte;145.08;PE;Sim;nps_ecommerce_2026-06.csv
202606-00116;2026-06-25;2026-06;C27378;8;app;iOS;Livros;36.94;PE;Nao;nps_ecommerce_2026-06.csv
202606-00137;2026-06-25;2026-06;C33918;8;marketplace;Android;Esporte;165.5;PR;Nao;nps_ecommerce_2026-06.csv
202606-00271;2026-06-25;2026-06;C14286;10;app;Android;Eletrônicos;133.76;PE;Sim;nps_ecommerce_2026-06.csv
202606-00292;2026-06-25;2026-06;C28346;10;site;Android;Eletrônicos;146.41;BA;Sim;nps_ecommerce_2026-06.csv
202606-00380;2026-06-25;2026-06;C17696;8;app;Desktop;Esporte;165.19;PE;Sim;nps_ecommerce_2026-06.csv
202606-00387;2026-06-25;2026-06;C12386;10;app;Desktop;Mercado;56.14;MG;Nao;nps_ecommerce_2026-06.csv
202606-00399;2026-06-25;2026-06;C23931;6;app;iOS;Moda;136.74;SP;Sim;nps_ecommerce_2026-06.csv
202606-00410;2026-06-25;2026-06;C39210;3;site;Android;Moda;70.58;PR;Nao;nps_ecommerce_2026-06.csv
202606-00420;2026-06-25;2026-06;C18101;7;app;Android;Casa E Decoração;43.53;PE;Sim;nps_ecommerce_2026-06.csv
202606-00423;2026-06-25;2026-06;C27081;10;app;Android;Esporte;208.94;CE;Sim;nps_ecommerce_2026-06.csv
202606-00442;2026-06-25;2026-06;C29139;10;site;Android;Livros;46.47;RS;Nao;nps_ecommerce_2026-06.csv
202606-00445;2026-06-25;2026-06;C28864;3;app;Android;Mercado;52.8;SP;Sim;nps_ecommerce_2026-06.csv
202606-00476;2026-06-25;2026-06;C38824;7;marketplace;iOS;Casa E Decoração;111.76;MG;Nao;nps_ecommerce_2026-06.csv
202606-00478;2026-06-25;2026-06;C37260;8;site;iOS;Casa E Decoração;455.63;SP;Nao;nps_ecommerce_2026-06.csv
202606-00487;2026-06-25;2026-06;C11016;9;app;Android;Casa E Decoração;64.5;PE;Sim;nps_ecommerce_2026-06.csv
202606-00496;2026-06-25;2026-06;C22087;8;app;Android;Esporte;432.05;SP;Nao;nps_ecommerce_2026-06.csv
202606-00500;2026-06-25;2026-06;C36846;6;app;Android;Mercado;184.64;DF;Nao;nps_ecommerce_2026-06.csv
202606-00533;2026-06-25;2026-06;C25843;10;site;Android;Esporte;29.1;SP;Sim;nps_ecommerce_2026-06.csv
202606-00542;2026-06-25;2026-06;C25227;3;site;Nao informado;Esporte;168.52;PR;Sim;nps_ecommerce_2026-06.csv
202606-00559;2026-06-25;2026-06;C17874;6;marketplace;Desktop;Esporte;122.15;DF;Sim;nps_ecommerce_2026-06.csv
202606-00580;2026-06-25;2026-06;C32615;7;site;Android;Eletrônicos;145.47;SP;Sim;nps_ecommerce_2026-06.csv
202606-00585;2026-06-25;2026-06;C27191;6;site;iOS;Beleza;77.42;CE;Nao;nps_ecommerce_2026-06.csv
202606-00615;2026-06-25;2026-06;C23637;8;marketplace;Android;Moda;41.93;SP;Sim;nps_ecommerce_2026-06.csv
202606-00627;2026-06-25;2026-06;C16808;8;site;Android;Livros;795.08;PR;Nao;nps_ecommerce_2026-06.csv
202606-00672;2026-06-25;2026-06;C32029;5;app;Desktop;Mercado;65.93;CE;Nao;nps_ecommerce_2026-06.csv
202606-00675;2026-06-25;2026-06;C34781;6;marketplace;Android;Casa E Decoração;133.32;RS;Nao;nps_ecommerce_2026-06.csv
202606-00691;2026-06-25;2026-06;C28025;7;marketplace;iOS;Esporte;104.54;PE;Sim;nps_ecommerce_2026-06.csv
202606-00749;2026-06-25;2026-06;C27807;10;app;Android;Casa E Decoração;296.22;RJ;Sim;nps_ecommerce_2026-06.csv
202606-00756;2026-06-25;2026-06;C23460;6;app;iOS;Beleza;119.66;RJ;Nao;nps_ecommerce_2026-06.csv
202606-00019;2026-06-26;2026-06;C38485;10;marketplace;Android;Casa E Decoração;17.78;PE;Sim;nps_ecommerce_2026-06.csv
202606-00021;2026-06-26;2026-06;C15231;7;marketplace;Android;Casa E Decoração;279.7;PE;Nao;nps_ecommerce_2026-06.csv
202606-00066;2026-06-26;2026-06;C20336;8;app;iOS;Esporte;49.87;RJ;Nao;nps_ecommerce_2026-06.csv
202606-00089;2026-06-26;2026-06;C32298;10;site;Android;Esporte;99.29;SP;Nao;nps_ecommerce_2026-06.csv
202606-00122;2026-06-26;2026-06;C20076;10;site;iOS;Beleza;189.97;PR;Sim;nps_ecommerce_2026-06.csv
202606-00163;2026-06-26;2026-06;C25498;8;app;Android;Esporte;60.47;DF;Sim;nps_ecommerce_2026-06.csv
202606-00164;2026-06-26;2026-06;C23338;6;app;Android;Livros;140.42;PR;Sim;nps_ecommerce_2026-06.csv
202606-00175;2026-06-26;2026-06;C38235;7;site;Android;Esporte;81.97;CE;Nao;nps_ecommerce_2026-06.csv
202606-00199;2026-06-26;2026-06;C24909;8;app;Desktop;Mercado;270.47;PE;Nao;nps_ecommerce_2026-06.csv
202606-00202;2026-06-26;2026-06;C28211;8;site;Android;Livros;150.41;DF;Sim;nps_ecommerce_2026-06.csv
202606-00298;2026-06-26;2026-06;C36567;8;app;iOS;Livros;43.6;MG;Nao;nps_ecommerce_2026-06.csv
202606-00303;2026-06-26;2026-06;C23491;7;app;Android;Livros;14.97;BA;Sim;nps_ecommerce_2026-06.csv
202606-00304;2026-06-26;2026-06;C31951;4;site;Android;Mercado;214.4;PE;Nao;nps_ecommerce_2026-06.csv
202606-00306;2026-06-26;2026-06;C18131;5;site;Desktop;Eletrônicos;265.75;SP;Sim;nps_ecommerce_2026-06.csv
202606-00308;2026-06-26;2026-06;C32979;10;site;Desktop;Eletrônicos;38.25;RS;Sim;nps_ecommerce_2026-06.csv
202606-00333;2026-06-26;2026-06;C20278;3;app;iOS;Mercado;67.52;SP;Sim;nps_ecommerce_2026-06.csv
202606-00401;2026-06-26;2026-06;C32803;1;site;Android;Mercado;184.31;DF;Nao;nps_ecommerce_2026-06.csv
202606-00514;2026-06-26;2026-06;C13966;10;app;Android;Moda;65.71;SP;Nao;nps_ecommerce_2026-06.csv
202606-00515;2026-06-26;2026-06;C28544;10;app;Android;Eletrônicos;84.52;PR;Nao;nps_ecommerce_2026-06.csv
202606-00516;2026-06-26;2026-06;C11345;8;marketplace;iOS;Livros;23.05;DF;Sim;nps_ecommerce_2026-06.csv
202606-00532;2026-06-26;2026-06;C27634;10;site;iOS;Moda;116.58;CE;Nao;nps_ecommerce_2026-06.csv
202606-00563;2026-06-26;2026-06;C10565;6;site;iOS;Casa E Decoração;343.32;PE;Sim;nps_ecommerce_2026-06.csv
202606-00617;2026-06-26;2026-06;C30264;7;app;iOS;Beleza;384.85;SP;Sim;nps_ecommerce_2026-06.csv
202606-00643;2026-06-26;2026-06;C35927;8;app;iOS;Mercado;59.78;CE;Nao;nps_ecommerce_2026-06.csv
202606-00713;2026-06-26;2026-06;C17841;10;app;iOS;Livros;37.2;BA;Sim;nps_ecommerce_2026-06.csv
202606-00736;2026-06-26;2026-06;C37997;8;app;Android;Beleza;64.82;SP;Nao;nps_ecommerce_2026-06.csv
202606-00760;2026-06-26;2026-06;C22492;8;site;Desktop;Beleza;184.45;RJ;Sim;nps_ecommerce_2026-06.csv
202606-00762;2026-06-26;2026-06;C36894;5;app;Android;Mercado;112.95;RJ;Sim;nps_ecommerce_2026-06.csv
202606-00776;2026-06-26;2026-06;C18684;6;app;Android;Moda;109.41;RJ;Nao;nps_ecommerce_2026-06.csv
202606-00800;2026-06-26;2026-06;C11838;4;app;Android;Mercado;76.39;PR;Sim;nps_ecommerce_2026-06.csv
202606-00806;2026-06-26;2026-06;C15900;7;app;Android;Mercado;155.32;RS;Nao;nps_ecommerce_2026-06.csv
202606-00818;2026-06-26;2026-06;C25245;10;app;Android;Esporte;125.38;PR;Sim;nps_ecommerce_2026-06.csv
202606-00065;2026-06-27;2026-06;C11051;10;app;Android;Mercado;109.19;BA;Nao;nps_ecommerce_2026-06.csv
202606-00111;2026-06-27;2026-06;C30937;10;app;Desktop;Moda;105.14;RJ;Sim;nps_ecommerce_2026-06.csv
202606-00246;2026-06-27;2026-06;C27800;8;app;iOS;Moda;50.76;PR;Sim;nps_ecommerce_2026-06.csv
202606-00251;2026-06-27;2026-06;C28173;10;site;Android;Casa E Decoração;105.27;RJ;Nao;nps_ecommerce_2026-06.csv
202606-00281;2026-06-27;2026-06;C22098;8;app;Desktop;Moda;147.1;SP;Nao;nps_ecommerce_2026-06.csv
202606-00313;2026-06-27;2026-06;C25083;7;app;Android;Beleza;705.58;BA;Nao;nps_ecommerce_2026-06.csv
202606-00315;2026-06-27;2026-06;C36061;4;app;iOS;Casa E Decoração;28.2;RJ;Sim;nps_ecommerce_2026-06.csv
202606-00325;2026-06-27;2026-06;C27570;4;app;Desktop;Moda;97.05;PE;Sim;nps_ecommerce_2026-06.csv
202606-00412;2026-06-27;2026-06;C33569;10;app;iOS;Livros;104.58;RJ;Sim;nps_ecommerce_2026-06.csv
202606-00421;2026-06-27;2026-06;C30894;6;site;Android;Mercado;52.23;SP;Nao;nps_ecommerce_2026-06.csv
202606-00440;2026-06-27;2026-06;C23767;7;site;Android;Livros;47.57;CE;Nao;nps_ecommerce_2026-06.csv
202606-00480;2026-06-27;2026-06;C12683;8;app;Android;Mercado;165.26;RJ;Nao;nps_ecommerce_2026-06.csv
202606-00489;2026-06-27;2026-06;C10667;5;app;Desktop;Eletrônicos;167.5;DF;Sim;nps_ecommerce_2026-06.csv
202606-00509;2026-06-27;2026-06;C30553;3;site;Android;Eletrônicos;52.36;CE;Sim;nps_ecommerce_2026-06.csv
202606-00523;2026-06-27;2026-06;C26062;7;app;iOS;Mercado;391.48;SP;Nao;nps_ecommerce_2026-06.csv
202606-00535;2026-06-27;2026-06;C33954;9;app;Android;Beleza;25.59;MG;Nao;nps_ecommerce_2026-06.csv
202606-00606;2026-06-27;2026-06;C12141;10;app;Desktop;Moda;30.03;SP;Sim;nps_ecommerce_2026-06.csv
202606-00651;2026-06-27;2026-06;C14660;5;app;iOS;Moda;133.58;MG;Sim;nps_ecommerce_2026-06.csv
202606-00673;2026-06-27;2026-06;C18831;8;app;Android;Moda;28.47;CE;Sim;nps_ecommerce_2026-06.csv
202606-00681;2026-06-27;2026-06;C26112;9;site;iOS;Livros;60.62;CE;Nao;nps_ecommerce_2026-06.csv
202606-00740;2026-06-27;2026-06;C10084;7;app;Android;Moda;223.19;PR;Nao;nps_ecommerce_2026-06.csv
202606-00095;2026-06-28;2026-06;C10376;6;site;iOS;Casa E Decoração;50.31;MG;Sim;nps_ecommerce_2026-06.csv
202606-00134;2026-06-28;2026-06;C29876;9;app;Android;Moda;111.61;DF;Sim;nps_ecommerce_2026-06.csv
202606-00154;2026-06-28;2026-06;C20827;6;site;Android;Eletrônicos;610.55;SP;Sim;nps_ecommerce_2026-06.csv
202606-00182;2026-06-28;2026-06;C12470;9;app;iOS;Mercado;59.67;BA;Nao;nps_ecommerce_2026-06.csv
202606-00184;2026-06-28;2026-06;C38048;7;app;iOS;Beleza;22.27;BA;Sim;nps_ecommerce_2026-06.csv
202606-00190;2026-06-28;2026-06;C17745;7;app;Desktop;Moda;284.27;SP;Nao;nps_ecommerce_2026-06.csv
202606-00266;2026-06-28;2026-06;C11664;9;app;Android;Moda;296.69;SP;Sim;nps_ecommerce_2026-06.csv
202606-00287;2026-06-28;2026-06;C11307;10;app;iOS;Eletrônicos;130.85;RS;Sim;nps_ecommerce_2026-06.csv
202606-00297;2026-06-28;2026-06;C15324;9;app;iOS;Casa E Decoração;70.29;MG;Nao;nps_ecommerce_2026-06.csv
202606-00305;2026-06-28;2026-06;C34086;10;site;Android;Livros;43.09;RS;Sim;nps_ecommerce_2026-06.csv
202606-00310;2026-06-28;2026-06;C11268;5;app;iOS;Mercado;284.54;PR;Nao;nps_ecommerce_2026-06.csv
202606-00311;2026-06-28;2026-06;C25423;8;app;Desktop;Beleza;55.51;DF;Nao;nps_ecommerce_2026-06.csv
202606-00316;2026-06-28;2026-06;C17457;8;app;Android;Moda;92.79;PE;Sim;nps_ecommerce_2026-06.csv
202606-00397;2026-06-28;2026-06;C35232;6;app;iOS;Livros;14.97;DF;Nao;nps_ecommerce_2026-06.csv
202606-00418;2026-06-28;2026-06;C25554;7;site;Android;Moda;157.08;PE;Sim;nps_ecommerce_2026-06.csv
202606-00444;2026-06-28;2026-06;C38857;1;site;Android;Esporte;43.74;MG;Sim;nps_ecommerce_2026-06.csv
202606-00522;2026-06-28;2026-06;C23764;6;app;Android;Livros;314.28;DF;Sim;nps_ecommerce_2026-06.csv
202606-00597;2026-06-28;2026-06;C34667;9;app;Android;Moda;600.38;CE;Sim;nps_ecommerce_2026-06.csv
202606-00599;2026-06-28;2026-06;C10401;9;site;Desktop;Beleza;125.52;RS;Nao;nps_ecommerce_2026-06.csv
202606-00622;2026-06-28;2026-06;C29284;8;app;Android;Beleza;111.71;MG;Nao;nps_ecommerce_2026-06.csv
202606-00640;2026-06-28;2026-06;C24877;5;app;Desktop;Esporte;219.26;MG;Nao;nps_ecommerce_2026-06.csv
202606-00670;2026-06-28;2026-06;C28848;9;app;iOS;Moda;27.78;PE;Sim;nps_ecommerce_2026-06.csv
202606-00686;2026-06-28;2026-06;C15269;8;site;iOS;Livros;151.62;BA;Nao;nps_ecommerce_2026-06.csv
202606-00699;2026-06-28;2026-06;C27779;5;site;Android;Casa E Decoração;102.06;DF;Sim;nps_ecommerce_2026-06.csv
202606-00734;2026-06-28;2026-06;C12287;8;marketplace;Android;Moda;61.62;DF;Nao;nps_ecommerce_2026-06.csv
202606-00745;2026-06-28;2026-06;C14869;7;app;Android;Beleza;16.21;PE;Sim;nps_ecommerce_2026-06.csv
202606-00752;2026-06-28;2026-06;C16181;7;site;Android;Livros;193.24;RS;Sim;nps_ecommerce_2026-06.csv
202606-00767;2026-06-28;2026-06;C13288;10;marketplace;Desktop;Moda;155.05;PR;Sim;nps_ecommerce_2026-06.csv
202606-00768;2026-06-28;2026-06;C37690;10;marketplace;iOS;Beleza;262.41;SP;Sim;nps_ecommerce_2026-06.csv
202606-00780;2026-06-28;2026-06;C20766;5;site;Android;Eletrônicos;145.63;RJ;Nao;nps_ecommerce_2026-06.csv
202606-00781;2026-06-28;2026-06;C32097;10;app;iOS;Livros;66.03;PR;Sim;nps_ecommerce_2026-06.csv
202606-00782;2026-06-28;2026-06;C27485;3;site;Desktop;Casa E Decoração;197.57;PR;Sim;nps_ecommerce_2026-06.csv
202606-00795;2026-06-28;2026-06;C13293;10;site;Android;Esporte;219.36;SP;Sim;nps_ecommerce_2026-06.csv
202606-00809;2026-06-28;2026-06;C22535;8;app;Desktop;Casa E Decoração;268.17;CE;Sim;nps_ecommerce_2026-06.csv
202606-00007;2026-06-29;2026-06;C27870;8;app;Android;Casa E Decoração;194.38;SP;Sim;nps_ecommerce_2026-06.csv
202606-00037;2026-06-29;2026-06;C38236;8;app;iOS;Casa E Decoração;158.97;RS;Nao;nps_ecommerce_2026-06.csv
202606-00070;2026-06-29;2026-06;C33524;9;site;Desktop;Beleza;155.69;BA;Nao;nps_ecommerce_2026-06.csv
202606-00081;2026-06-29;2026-06;C29121;5;app;Android;Esporte;62.97;RS;Sim;nps_ecommerce_2026-06.csv
202606-00098;2026-06-29;2026-06;C27595;8;app;iOS;Beleza;59.5;CE;Nao;nps_ecommerce_2026-06.csv
202606-00105;2026-06-29;2026-06;C33582;9;app;Android;Eletrônicos;153.89;CE;Nao;nps_ecommerce_2026-06.csv
202606-00121;2026-06-29;2026-06;C37252;5;site;Android;Casa E Decoração;33.29;SP;Sim;nps_ecommerce_2026-06.csv
202606-00153;2026-06-29;2026-06;C11029;10;site;Desktop;Livros;180.88;SP;Sim;nps_ecommerce_2026-06.csv
202606-00242;2026-06-29;2026-06;C12254;7;app;Android;Beleza;41.65;DF;Sim;nps_ecommerce_2026-06.csv
202606-00243;2026-06-29;2026-06;C18004;7;app;Android;Livros;54.76;PR;Sim;nps_ecommerce_2026-06.csv
202606-00265;2026-06-29;2026-06;C39758;4;site;iOS;Eletrônicos;639.4;PR;Nao;nps_ecommerce_2026-06.csv
202606-00278;2026-06-29;2026-06;C32643;8;marketplace;Desktop;Moda;77.63;CE;Sim;nps_ecommerce_2026-06.csv
202606-00279;2026-06-29;2026-06;C14884;10;app;iOS;Esporte;130.24;MG;Nao;nps_ecommerce_2026-06.csv
202606-00286;2026-06-29;2026-06;C36087;7;marketplace;Android;Livros;79.68;SP;Sim;nps_ecommerce_2026-06.csv
202606-00288;2026-06-29;2026-06;C21724;10;app;iOS;Eletrônicos;50.83;PE;Nao;nps_ecommerce_2026-06.csv
202606-00293;2026-06-29;2026-06;C38662;8;site;Nao informado;Casa E Decoração;84.5;SP;Sim;nps_ecommerce_2026-06.csv
202606-00351;2026-06-29;2026-06;C19840;9;site;iOS;Esporte;97.64;SP;Sim;nps_ecommerce_2026-06.csv
202606-00360;2026-06-29;2026-06;C15702;7;app;Android;Casa E Decoração;114.7;PR;Sim;nps_ecommerce_2026-06.csv
202606-00373;2026-06-29;2026-06;C36084;6;site;iOS;Livros;148.38;SP;Sim;nps_ecommerce_2026-06.csv
202606-00389;2026-06-29;2026-06;C30636;3;app;iOS;Beleza;32.45;CE;Nao;nps_ecommerce_2026-06.csv
202606-00396;2026-06-29;2026-06;C34607;7;site;Desktop;Eletrônicos;30.2;MG;Sim;nps_ecommerce_2026-06.csv
202606-00398;2026-06-29;2026-06;C13492;8;site;Android;Esporte;119.61;SP;Nao;nps_ecommerce_2026-06.csv
202606-00413;2026-06-29;2026-06;C26540;10;app;Android;Casa E Decoração;186.66;PR;Nao;nps_ecommerce_2026-06.csv
202606-00430;2026-06-29;2026-06;C27699;3;app;iOS;Casa E Decoração;126.76;PE;Sim;nps_ecommerce_2026-06.csv
202606-00450;2026-06-29;2026-06;C37385;10;app;Android;Eletrônicos;69.26;CE;Sim;nps_ecommerce_2026-06.csv
202606-00526;2026-06-29;2026-06;C37155;7;app;iOS;Esporte;46.1;PE;Nao;nps_ecommerce_2026-06.csv
202606-00553;2026-06-29;2026-06;C19052;6;app;Android;Beleza;70.4;SP;Sim;nps_ecommerce_2026-06.csv
202606-00733;2026-06-29;2026-06;C14473;7;app;Android;Beleza;79.4;BA;Nao;nps_ecommerce_2026-06.csv
202606-00785;2026-06-29;2026-06;C34884;6;app;iOS;Beleza;42.19;RJ;Sim;nps_ecommerce_2026-06.csv
202606-00798;2026-06-29;2026-06;C10948;8;marketplace;Android;Mercado;59.84;MG;Nao;nps_ecommerce_2026-06.csv
202606-00819;2026-06-29;2026-06;C19425;6;app;Android;Casa E Decoração;92.83;CE;Sim;nps_ecommerce_2026-06.csv
202606-00052;2026-06-30;2026-06;C32398;3;site;Desktop;Casa E Decoração;57.1;SP;Nao;nps_ecommerce_2026-06.csv
202606-00059;2026-06-30;2026-06;C30971;10;app;Android;Moda;145.01;RJ;Sim;nps_ecommerce_2026-06.csv
202606-00069;2026-06-30;2026-06;C28585;8;app;iOS;Livros;44.55;BA;Nao;nps_ecommerce_2026-06.csv
202606-00074;2026-06-30;2026-06;C31064;8;app;Desktop;Esporte;175.17;RJ;Sim;nps_ecommerce_2026-06.csv
202606-00117;2026-06-30;2026-06;C10018;6;app;Android;Eletrônicos;52.65;DF;Sim;nps_ecommerce_2026-06.csv
202606-00136;2026-06-30;2026-06;C27671;4;marketplace;Android;Moda;239.96;BA;Sim;nps_ecommerce_2026-06.csv
202606-00160;2026-06-30;2026-06;C38913;10;site;iOS;Casa E Decoração;316.01;PR;Nao;nps_ecommerce_2026-06.csv
202606-00189;2026-06-30;2026-06;C34692;8;app;Android;Beleza;31.19;DF;Sim;nps_ecommerce_2026-06.csv
202606-00198;2026-06-30;2026-06;C35692;10;marketplace;iOS;Esporte;559.92;MG;Nao;nps_ecommerce_2026-06.csv
202606-00235;2026-06-30;2026-06;C12377;7;app;iOS;Mercado;114.32;BA;Sim;nps_ecommerce_2026-06.csv
202606-00296;2026-06-30;2026-06;C17757;7;app;iOS;Livros;278.96;CE;Sim;nps_ecommerce_2026-06.csv
202606-00302;2026-06-30;2026-06;C20885;8;app;Desktop;Mercado;117.54;PR;Nao;nps_ecommerce_2026-06.csv
202606-00341;2026-06-30;2026-06;C36427;8;app;iOS;Mercado;125.65;RJ;Nao;nps_ecommerce_2026-06.csv
202606-00415;2026-06-30;2026-06;C27952;4;app;iOS;Casa E Decoração;39.6;RJ;Sim;nps_ecommerce_2026-06.csv
202606-00505;2026-06-30;2026-06;C22298;7;app;iOS;Moda;15.32;RS;Sim;nps_ecommerce_2026-06.csv
202606-00539;2026-06-30;2026-06;C12839;6;site;Desktop;Eletrônicos;17.27;RJ;Sim;nps_ecommerce_2026-06.csv
202606-00646;2026-06-30;2026-06;C16482;8;app;Android;Mercado;103.61;MG;Nao;nps_ecommerce_2026-06.csv
202606-00650;2026-06-30;2026-06;C18704;7;app;Android;Moda;89.6;BA;Nao;nps_ecommerce_2026-06.csv
202606-00719;2026-06-30;2026-06;C13717;10;app;iOS;Eletrônicos;45.26;PR;Sim;nps_ecommerce_2026-06.csv
202606-00723;2026-06-30;2026-06;C33481;7;app;Desktop;Eletrônicos;243.79;PE;Nao;nps_ecommerce_2026-06.csv
202606-00731;2026-06-30;2026-06;C29640;10;app;Desktop;Beleza;124.52;PE;Sim;nps_ecommerce_2026-06.csv
202606-00738;2026-06-30;2026-06;C35811;7;site;iOS;Casa E Decoração;145.9;CE;Sim;nps_ecommerce_2026-06.csv
202606-00751;2026-06-30;2026-06;C20544;7;marketplace;Android;Mercado;56.72;SP;Sim;nps_ecommerce_2026-06.csv
202606-00812;2026-06-30;2026-06;C29108;8;app;iOS;Casa E Decoração;112.27;MG;Sim;nps_ecommerce_2026-06.csv
